,run_id,experiment_id,benchmark_id,timestamp,energy,energy_min,energy_mean,energy_std,objective,obj_min,obj_mean,obj_std,num_feasible,num_samples,one_hot,group_num_people,num_reads,feas_obj,sankasyaone_hot_violations,sankasyaone_hot_violation_min,sankasyaone_hot_violation_mean,sankasyaone_hot_violation_std,group_num_violations,group_num_violation_min,group_num_violation_mean,group_num_violation_std
0,e85f37b8-1e39-4cf2-bb8a-fd06c5c6854a,5891609e-611e-44f6-86ae-1959537e6434,fa081d9a-0eb4-4293-9c6a-f1e19295bb14,2022-03-15 03:52:44.823686,"[ 0.00000000e+00 -7.50000000e-41 -7.50000000e-41 -7.50000000e-41
 -1.75000000e-40 -1.75000000e-40 -1.75000000e-40 -8.75000000e-41
 -8.75000000e-41  1.58782352e-04 -8.75000000e-41 -8.75000000e-41
 -7.50000000e-41 -8.75000000e-41 -1.75000000e-40 -8.75000000e-41
 -7.50000000e-41 -8.75000000e-41  0.00000000e+00 -1.75000000e-40
 -7.50000000e-41 -8.75000000e-41 -8.75000000e-41 -8.75000000e-41
 -1.75000000e-40 -1.75000000e-40 -8.75000000e-41 -1.75000000e-40
 -8.75000000e-41 -8.75000000e-41 -1.75000000e-40 -8.75000000e-41
 -1.75000000e-40 -1.75000000e-40  0.00000000e+00 -1.75000000e-40
 -1.75000000e-40 -8.75000000e-41 -7.50000000e-41 -1.75000000e-40
 -8.75000000e-41 -1.75000000e-40 -8.75000000e-41  0.00000000e+00
 -7.50000000e-41 -7.50000000e-41 -7.50000000e-41 -8.75000000e-41
 -7.50000000e-41 -1.75000000e-40 -8.75000000e-41 -1.75000000e-40
 -1.75000000e-40 -1.75000000e-40 -1.75000000e-40 -1.75000000e-40
 -7.50000000e-41 -1.75000000e-40 -7.50000000e-41 -8.75000000e-41
 -1.75000000e-40 -8.75000000e-41 -7.50000000e-41 -1.75000000e-40
 -8.75000000e-41 -1.75000000e-40 -8.75000000e-41 -1.75000000e-40
 -1.75000000e-40 -1.75000000e-40 -8.75000000e-41 -1.75000000e-40
 -1.75000000e-40 -1.75000000e-40 -8.75000000e-41 -7.50000000e-41
 -1.75000000e-40 -8.75000000e-41 -8.75000000e-41 -8.75000000e-41
 -1.75000000e-40 -1.75000000e-40 -7.50000000e-41 -1.75000000e-40
 -1.75000000e-40 -8.75000000e-41 -7.50000000e-41 -8.75000000e-41
 -8.75000000e-41 -7.50000000e-41 -7.50000000e-41 -8.75000000e-41
 -1.75000000e-40 -1.75000000e-40 -8.75000000e-41 -8.75000000e-41
 -8.75000000e-41 -8.75000000e-41 -8.75000000e-41 -8.75000000e-41]",-1.7499999999999999e-40,1.587823521012491e-06,1.5798644557498277e-05,"[0.         0.         0.         0.         0.         0.
 0.         0.         0.         0.00022875 0.         0.
 0.         0.         0.         0.         0.         0.
 0.         0.         0.         0.         0.         0.
 0.         0.         0.         0.         0.         0.
 0.         0.         0.         0.         0.         0.
 0.         0.         0.         0.         0.         0.
 0.         0.         0.         0.         0.         0.
 0.         0.         0.         0.         0.         0.
 0.         0.         0.         0.         0.         0.
 0.         0.         0.         0.         0.         0.
 0.         0.         0.         0.         0.         0.
 0.         0.         0.         0.         0.         0.
 0.         0.         0.         0.         0.         0.
 0.         0.         0.         0.         0.         0.
 0.         0.         0.         0.         0.         0.
 0.         0.         0.         0.        ]",0.0,2.2874963468977327e-06,2.2760301275905315e-05,0,100,0.0,0.0,100,[],"[4.0, 4.0, 4.0, 4.0, 2.0, 2.0, 2.0, 3.0, 3.0, 2.0, 3.0, 3.0, 4.0, 3.0, 2.0, 3.0, 4.0, 3.0, 4.0, 2.0, 4.0, 3.0, 3.0, 3.0, 2.0, 2.0, 3.0, 2.0, 3.0, 3.0, 2.0, 3.0, 2.0, 2.0, 4.0, 2.0, 2.0, 3.0, 4.0, 2.0, 3.0, 2.0, 3.0, 4.0, 4.0, 4.0, 4.0, 3.0, 4.0, 2.0, 3.0, 2.0, 2.0, 2.0, 2.0, 2.0, 4.0, 2.0, 4.0, 3.0, 2.0, 3.0, 4.0, 2.0, 3.0, 2.0, 3.0, 2.0, 2.0, 2.0, 3.0, 2.0, 2.0, 2.0, 3.0, 4.0, 2.0, 3.0, 3.0, 3.0, 2.0, 2.0, 4.0, 2.0, 2.0, 3.0, 4.0, 3.0, 3.0, 4.0, 4.0, 3.0, 2.0, 2.0, 3.0, 3.0, 3.0, 3.0, 3.0, 3.0]",2.0,2.84,0.7709734106958552,"[4.0, 2.0, 2.0, 2.0, 2.0, 2.0, 2.0, 3.0, 3.0, 2.0, 3.0, 3.0, 2.0, 3.0, 2.0, 3.0, 2.0, 3.0, 4.0, 2.0, 2.0, 3.0, 3.0, 3.0, 2.0, 2.0, 3.0, 2.0, 3.0, 3.0, 2.0, 3.0, 2.0, 2.0, 4.0, 2.0, 2.0, 3.0, 2.0, 2.0, 3.0, 2.0, 3.0, 4.0, 2.0, 2.0, 2.0, 3.0, 2.0, 2.0, 3.0, 2.0, 2.0, 2.0, 2.0, 2.0, 2.0, 2.0, 2.0, 3.0, 2.0, 3.0, 2.0, 2.0, 3.0, 2.0, 3.0, 2.0, 2.0, 2.0, 3.0, 2.0, 2.0, 2.0, 3.0, 2.0, 2.0, 3.0, 3.0, 3.0, 2.0, 2.0, 2.0, 2.0, 2.0, 3.0, 2.0, 3.0, 3.0, 2.0, 2.0, 3.0, 2.0, 2.0, 3.0, 3.0, 3.0, 3.0, 3.0, 3.0]",2.0,2.46,0.5730619512757761
0,d816df2d-3a7e-432f-9bb9-43b2f0ed2d9b,5891609e-611e-44f6-86ae-1959537e6434,fa081d9a-0eb4-4293-9c6a-f1e19295bb14,2022-03-15 03:52:45.217987,"[-0.09968244 -0.075      -0.09968244 -0.075      -0.08734122 -0.09968244
 -0.08734122 -0.08734122 -0.09968244 -0.09968244 -0.09968244 -0.08734122
 -0.08734122 -0.09968244 -0.075      -0.09968244 -0.09968244 -0.08734122
 -0.075      -0.08734122 -0.08734122 -0.08734122 -0.075      -0.09968244
 -0.09968244 -0.08734122 -0.09968244 -0.09968244 -0.08734122 -0.09968244
 -0.08734122 -0.09968244 -0.09968244 -0.08734122 -0.08734122 -0.075
 -0.09968244 -0.08734122 -0.09968244 -0.08734122 -0.09968244 -0.09968244
 -0.08734122 -0.08734122 -0.075      -0.09968244 -0.075      -0.09968244
 -0.08734122 -0.09968244 -0.09968244 -0.09968244 -0.09968244 -0.09968244
 -0.08734122 -0.08734122 -0.08734122 -0.09968244 -0.09968244 -0.08734122
 -0.09968244 -0.075      -0.08734122 -0.08734122 -0.08734122 -0.075
 -0.09968244 -0.08734122 -0.08734122 -0.08734122 -0.09968244 -0.09968244
 -0.09968244 -0.08734122 -0.09968244 -0.09968244 -0.09968244 -0.09968244
 -0.09968244 -0.09968244 -0.075      -0.08734122 -0.08734122 -0.09968244
 -0.09968244 -0.09968244 -0.09968244 -0.09968244 -0.075      -0.09968244
 -0.08734122 -0.09968244 -0.08734122 -0.075      -0.08734122 -0.08734122
 -0.09968244 -0.09968244 -0.09968244 -0.08734122]",-0.09968243529579751,-0.09190746817762127,0.008666136250398871,"[0.0004575  0.         0.0004575  0.         0.00022875 0.0004575
 0.00022875 0.00022875 0.0004575  0.0004575  0.0004575  0.00022875
 0.00022875 0.0004575  0.         0.0004575  0.0004575  0.00022875
 0.         0.00022875 0.00022875 0.00022875 0.         0.0004575
 0.0004575  0.00022875 0.0004575  0.0004575  0.00022875 0.0004575
 0.00022875 0.0004575  0.0004575  0.00022875 0.00022875 0.
 0.0004575  0.00022875 0.0004575  0.00022875 0.0004575  0.0004575
 0.00022875 0.00022875 0.         0.0004575  0.         0.0004575
 0.00022875 0.0004575  0.0004575  0.0004575  0.0004575  0.0004575
 0.00022875 0.00022875 0.00022875 0.0004575  0.0004575  0.00022875
 0.0004575  0.         0.00022875 0.00022875 0.00022875 0.
 0.0004575  0.00022875 0.00022875 0.00022875 0.0004575  0.0004575
 0.0004575  0.00022875 0.0004575  0.0004575  0.0004575  0.0004575
 0.0004575  0.0004575  0.         0.00022875 0.00022875 0.0004575
 0.0004575  0.0004575  0.0004575  0.0004575  0.         0.0004575
 0.00022875 0.0004575  0.00022875 0.         0.00022875 0.00022875
 0.0004575  0.0004575  0.0004575  0.00022875]",0.0,0.0003133869995249894,0.00016063046273137143,0,100,0.0,0.1,100,[],"[4.0, 2.0, 4.0, 2.0, 3.0, 4.0, 1.0, 1.0, 4.0, 4.0, 4.0, 3.0, 1.0, 4.0, 4.0, 4.0, 4.0, 1.0, 4.0, 3.0, 1.0, 1.0, 2.0, 4.0, 4.0, 3.0, 4.0, 4.0, 1.0, 4.0, 1.0, 4.0, 4.0, 1.0, 1.0, 2.0, 4.0, 3.0, 4.0, 3.0, 4.0, 4.0, 1.0, 1.0, 2.0, 4.0, 2.0, 4.0, 3.0, 4.0, 4.0, 4.0, 4.0, 4.0, 1.0, 3.0, 1.0, 4.0, 4.0, 1.0, 4.0, 2.0, 3.0, 1.0, 3.0, 2.0, 4.0, 1.0, 1.0, 3.0, 4.0, 4.0, 4.0, 3.0, 4.0, 4.0, 4.0, 4.0, 4.0, 4.0, 2.0, 1.0, 1.0, 4.0, 4.0, 4.0, 4.0, 4.0, 4.0, 4.0, 1.0, 4.0, 3.0, 2.0, 3.0, 1.0, 4.0, 4.0, 4.0, 3.0]",1.0,2.99,1.2287798826478242,"[0.0, 2.0, 0.0, 2.0, 1.0, 0.0, 1.0, 1.0, 0.0, 0.0, 0.0, 1.0, 1.0, 0.0, 2.0, 0.0, 0.0, 1.0, 2.0, 1.0, 1.0, 1.0, 2.0, 0.0, 0.0, 1.0, 0.0, 0.0, 1.0, 0.0, 1.0, 0.0, 0.0, 1.0, 1.0, 2.0, 0.0, 1.0, 0.0, 1.0, 0.0, 0.0, 1.0, 1.0, 2.0, 0.0, 2.0, 0.0, 1.0, 0.0, 0.0, 0.0, 0.0, 0.0, 1.0, 1.0, 1.0, 0.0, 0.0, 1.0, 0.0, 2.0, 1.0, 1.0, 1.0, 2.0, 0.0, 1.0, 1.0, 1.0, 0.0, 0.0, 0.0, 1.0, 0.0, 0.0, 0.0, 0.0, 0.0, 0.0, 2.0, 1.0, 1.0, 0.0, 0.0, 0.0, 0.0, 0.0, 2.0, 0.0, 1.0, 0.0, 1.0, 2.0, 1.0, 1.0, 0.0, 0.0, 0.0, 1.0]",0.0,0.63,0.7022107945624305
0,6c84412d-9d3b-429b-b0e0-7e8e43abe2a0,5891609e-611e-44f6-86ae-1959537e6434,fa081d9a-0eb4-4293-9c6a-f1e19295bb14,2022-03-15 03:52:45.598246,"[-0.19968244 -0.17484122 -0.17484122 -0.17484122 -0.15       -0.15
 -0.19968244 -0.19968244 -0.19968244 -0.17484122 -0.15       -0.19968244
 -0.19968244 -0.19968244 -0.17484122 -0.15       -0.19968244 -0.15
 -0.19968244 -0.19968244 -0.15       -0.15       -0.19968244 -0.19968244
 -0.19968244 -0.17484122 -0.19968244 -0.15       -0.19968244 -0.19968244
 -0.19968244 -0.15       -0.15       -0.17484122 -0.19968244 -0.17484122
 -0.17484122 -0.15       -0.15       -0.19968244 -0.19968244 -0.17484122
 -0.19968244 -0.19968244 -0.19968244 -0.19968244 -0.17484122 -0.17484122
 -0.17484122 -0.17484122 -0.17484122 -0.19968244 -0.19968244 -0.17484122
 -0.17484122 -0.15       -0.17484122 -0.19968244 -0.19968244 -0.17484122
 -0.19968244 -0.17484122 -0.15       -0.17484122 -0.19968244 -0.17484122
 -0.19968244 -0.19968244 -0.19968244 -0.17484122 -0.17484122 -0.19968244
 -0.19968244 -0.17484122 -0.19968244 -0.17484122 -0.15       -0.19968244
 -0.19968244 -0.19968244 -0.17484122 -0.19968244 -0.17484122 -0.17484122
 -0.19968244 -0.19968244 -0.17484122 -0.19968244 -0.19968244 -0.17484122
 -0.17484122 -0.17484122 -0.17484122 -0.17484122 -0.17484122 -0.17484122
 -0.15       -0.15       -0.19968244 -0.19968244]",-0.19968243529579754,-0.18204517076578944,0.018353945048416927,"[0.0004575  0.00022875 0.00022875 0.00022875 0.         0.
 0.0004575  0.0004575  0.0004575  0.00022875 0.         0.0004575
 0.0004575  0.0004575  0.00022875 0.         0.0004575  0.
 0.0004575  0.0004575  0.         0.         0.0004575  0.0004575
 0.0004575  0.00022875 0.0004575  0.         0.0004575  0.0004575
 0.0004575  0.         0.         0.00022875 0.0004575  0.00022875
 0.00022875 0.         0.         0.0004575  0.0004575  0.00022875
 0.0004575  0.0004575  0.0004575  0.0004575  0.00022875 0.00022875
 0.00022875 0.00022875 0.00022875 0.0004575  0.0004575  0.00022875
 0.00022875 0.         0.00022875 0.0004575  0.0004575  0.00022875
 0.0004575  0.00022875 0.         0.00022875 0.0004575  0.00022875
 0.0004575  0.0004575  0.0004575  0.00022875 0.00022875 0.0004575
 0.0004575  0.00022875 0.0004575  0.00022875 0.         0.0004575
 0.0004575  0.0004575  0.00022875 0.0004575  0.00022875 0.00022875
 0.0004575  0.0004575  0.00022875 0.0004575  0.0004575  0.00022875
 0.00022875 0.00022875 0.00022875 0.00022875 0.00022875 0.00022875
 0.         0.         0.0004575  0.0004575 ]",0.0,0.0002950870287498075,0.0001690117724682743,0,100,0.0,0.2,100,[],"[4.0, 3.0, 1.0, 3.0, 2.0, 2.0, 4.0, 4.0, 4.0, 1.0, 2.0, 4.0, 4.0, 4.0, 3.0, 4.0, 4.0, 2.0, 4.0, 4.0, 4.0, 4.0, 4.0, 4.0, 4.0, 1.0, 4.0, 2.0, 4.0, 4.0, 4.0, 4.0, 2.0, 1.0, 4.0, 3.0, 1.0, 4.0, 2.0, 4.0, 4.0, 3.0, 4.0, 4.0, 4.0, 4.0, 3.0, 1.0, 1.0, 1.0, 1.0, 4.0, 4.0, 3.0, 3.0, 2.0, 3.0, 4.0, 4.0, 3.0, 4.0, 1.0, 2.0, 1.0, 4.0, 1.0, 4.0, 4.0, 4.0, 1.0, 1.0, 4.0, 4.0, 1.0, 4.0, 3.0, 2.0, 4.0, 4.0, 4.0, 3.0, 4.0, 1.0, 3.0, 4.0, 4.0, 3.0, 4.0, 4.0, 1.0, 1.0, 1.0, 3.0, 1.0, 1.0, 1.0, 2.0, 2.0, 4.0, 4.0]",1.0,2.95,1.2278029157808674,"[0.0, 1.0, 1.0, 1.0, 2.0, 2.0, 0.0, 0.0, 0.0, 1.0, 2.0, 0.0, 0.0, 0.0, 1.0, 2.0, 0.0, 2.0, 0.0, 0.0, 2.0, 2.0, 0.0, 0.0, 0.0, 1.0, 0.0, 2.0, 0.0, 0.0, 0.0, 2.0, 2.0, 1.0, 0.0, 1.0, 1.0, 2.0, 2.0, 0.0, 0.0, 1.0, 0.0, 0.0, 0.0, 0.0, 1.0, 1.0, 1.0, 1.0, 1.0, 0.0, 0.0, 1.0, 1.0, 2.0, 1.0, 0.0, 0.0, 1.0, 0.0, 1.0, 2.0, 1.0, 0.0, 1.0, 0.0, 0.0, 0.0, 1.0, 1.0, 0.0, 0.0, 1.0, 0.0, 1.0, 2.0, 0.0, 0.0, 0.0, 1.0, 0.0, 1.0, 1.0, 0.0, 0.0, 1.0, 0.0, 0.0, 1.0, 1.0, 1.0, 1.0, 1.0, 1.0, 1.0, 2.0, 2.0, 0.0, 0.0]",0.0,0.71,0.7388504584826351
0,e5e2de3a-839d-497c-add4-791fcbdd98e4,5891609e-611e-44f6-86ae-1959537e6434,fa081d9a-0eb4-4293-9c6a-f1e19295bb14,2022-03-15 03:52:45.983319,"[-0.225      -0.29968244 -0.26234122 -0.29968244 -0.26234122 -0.26234122
 -0.225      -0.26234122 -0.26234122 -0.26234122 -0.29968244 -0.29968244
 -0.29968244 -0.26234122 -0.29968244 -0.225      -0.26234122 -0.29968244
 -0.26234122 -0.26234122 -0.225      -0.225      -0.17165094 -0.26234122
 -0.26234122 -0.26234122 -0.26234122 -0.29968244 -0.26234122 -0.26234122
 -0.29968244 -0.225      -0.225      -0.26234122 -0.225      -0.29968244
 -0.29968244 -0.29968244 -0.26234122 -0.29968244 -0.29968244 -0.26234122
 -0.26234122 -0.29968244 -0.26234122 -0.29968244 -0.26234122 -0.29968244
 -0.26234122 -0.29968244 -0.26234122 -0.29968244 -0.29968244 -0.29968244
 -0.29968244 -0.26234122 -0.26234122 -0.29968244 -0.26234122 -0.29968244
 -0.29968244 -0.26234122 -0.26234122 -0.26234122 -0.26234122 -0.29968244
 -0.29968244 -0.29968244 -0.29968244 -0.26234122 -0.26234122 -0.26234122
 -0.26234122 -0.26234122 -0.29968244 -0.29968244 -0.14984122 -0.29968244
 -0.29968244 -0.29968244 -0.29968244 -0.225      -0.29968244 -0.26234122
 -0.29968244 -0.225      -0.29968244 -0.29968244 -0.29968244 -0.29968244
 -0.26234122 -0.26234122 -0.26234122 -0.26234122 -0.225      -0.225
 -0.29968244 -0.225      -0.29968244 -0.26234122]",-0.2996824352957975,-0.27151168019413957,0.030092484709373632,"[0.         0.0004575  0.00022875 0.0004575  0.00022875 0.00022875
 0.         0.00022875 0.00022875 0.00022875 0.0004575  0.0004575
 0.0004575  0.00022875 0.0004575  0.         0.00022875 0.0004575
 0.00022875 0.00022875 0.         0.         0.18490594 0.00022875
 0.00022875 0.00022875 0.00022875 0.0004575  0.00022875 0.00022875
 0.0004575  0.         0.         0.00022875 0.         0.0004575
 0.0004575  0.0004575  0.00022875 0.0004575  0.0004575  0.00022875
 0.00022875 0.0004575  0.00022875 0.0004575  0.00022875 0.0004575
 0.00022875 0.0004575  0.00022875 0.0004575  0.0004575  0.0004575
 0.0004575  0.00022875 0.00022875 0.0004575  0.00022875 0.0004575
 0.0004575  0.00022875 0.00022875 0.00022875 0.00022875 0.0004575
 0.0004575  0.0004575  0.0004575  0.00022875 0.00022875 0.00022875
 0.00022875 0.00022875 0.0004575  0.0004575  0.00022875 0.0004575
 0.0004575  0.0004575  0.0004575  0.         0.0004575  0.00022875
 0.0004575  0.         0.0004575  0.0004575  0.0004575  0.0004575
 0.00022875 0.00022875 0.00022875 0.00022875 0.         0.
 0.0004575  0.         0.0004575  0.00022875]",0.0,0.0021441464204726614,0.018368919437176213,0,100,0.0,0.30000000000000004,100,[],"[2.0, 4.0, 3.0, 4.0, 3.0, 3.0, 2.0, 1.0, 3.0, 3.0, 4.0, 4.0, 4.0, 1.0, 4.0, 4.0, 3.0, 4.0, 1.0, 3.0, 2.0, 2.0, 2.0, 3.0, 3.0, 3.0, 1.0, 4.0, 3.0, 1.0, 4.0, 2.0, 2.0, 1.0, 2.0, 4.0, 4.0, 4.0, 1.0, 4.0, 4.0, 3.0, 3.0, 4.0, 3.0, 4.0, 1.0, 4.0, 1.0, 4.0, 3.0, 4.0, 4.0, 4.0, 4.0, 1.0, 1.0, 4.0, 3.0, 4.0, 4.0, 3.0, 3.0, 1.0, 1.0, 4.0, 4.0, 4.0, 4.0, 1.0, 3.0, 1.0, 1.0, 3.0, 4.0, 4.0, 2.0, 4.0, 4.0, 4.0, 4.0, 4.0, 4.0, 1.0, 4.0, 4.0, 4.0, 4.0, 4.0, 4.0, 3.0, 3.0, 1.0, 3.0, 2.0, 4.0, 4.0, 2.0, 4.0, 3.0]",1.0,3.0,1.140175425099138,"[2.0, 0.0, 1.0, 0.0, 1.0, 1.0, 2.0, 1.0, 1.0, 1.0, 0.0, 0.0, 0.0, 1.0, 0.0, 2.0, 1.0, 0.0, 1.0, 1.0, 2.0, 2.0, 0.0, 1.0, 1.0, 1.0, 1.0, 0.0, 1.0, 1.0, 0.0, 2.0, 2.0, 1.0, 2.0, 0.0, 0.0, 0.0, 1.0, 0.0, 0.0, 1.0, 1.0, 0.0, 1.0, 0.0, 1.0, 0.0, 1.0, 0.0, 1.0, 0.0, 0.0, 0.0, 0.0, 1.0, 1.0, 0.0, 1.0, 0.0, 0.0, 1.0, 1.0, 1.0, 1.0, 0.0, 0.0, 0.0, 0.0, 1.0, 1.0, 1.0, 1.0, 1.0, 0.0, 0.0, 2.0, 0.0, 0.0, 0.0, 0.0, 2.0, 0.0, 1.0, 0.0, 2.0, 0.0, 0.0, 0.0, 0.0, 1.0, 1.0, 1.0, 1.0, 2.0, 2.0, 0.0, 2.0, 0.0, 1.0]",0.0,0.7,0.7
0,d9cc328c-149d-43d6-8703-89473426ea13,5891609e-611e-44f6-86ae-1959537e6434,fa081d9a-0eb4-4293-9c6a-f1e19295bb14,2022-03-15 03:52:46.368732,"[-0.39968244 -0.39968244 -0.39968244 -0.39968244 -0.3        -0.39968244
 -0.34984122 -0.39968244 -0.34984122 -0.34984122 -0.39968244 -0.34984122
 -0.39968244 -0.34984122 -0.39968244 -0.34984122 -0.39968244 -0.34984122
 -0.3        -0.39968244 -0.3        -0.34984122 -0.3        -0.34984122
 -0.39968244 -0.34984122 -0.39968244 -0.34984122 -0.39968244 -0.3
 -0.34984122 -0.39968244 -0.34984122 -0.34984122 -0.34984122 -0.34984122
 -0.34984122 -0.34984122 -0.39968244 -0.34984122 -0.39968244 -0.34984122
 -0.34984122 -0.39968244 -0.39968244 -0.39968244 -0.39968244 -0.34984122
 -0.34984122 -0.39968244 -0.39968244 -0.39968244 -0.39968244 -0.34984122
 -0.39968244 -0.34984122 -0.39968244 -0.34984122 -0.3        -0.39968244
 -0.39968244 -0.34984122 -0.34984122 -0.34984122 -0.34984122 -0.39968244
 -0.39968244 -0.34984122 -0.39968244 -0.39968244 -0.39968244 -0.39968244
 -0.39968244 -0.3        -0.34984122 -0.34984122 -0.39968244 -0.39968244
 -0.34984122 -0.39968244 -0.39968244 -0.34984122 -0.34984122 -0.34984122
 -0.34984122 -0.34984122 -0.34984122 -0.34984122 -0.3        -0.39968244
 -0.39968244 -0.39968244 -0.34984122 -0.39968244 -0.34984122 -0.34984122
 -0.34984122 -0.39968244 -0.39968244 -0.34984122]",-0.3996824352957976,-0.3687808803541003,0.03134850146263671,"[0.0004575  0.0004575  0.0004575  0.0004575  0.         0.0004575
 0.00022875 0.0004575  0.00022875 0.00022875 0.0004575  0.00022875
 0.0004575  0.00022875 0.0004575  0.00022875 0.0004575  0.00022875
 0.         0.0004575  0.         0.00022875 0.         0.00022875
 0.0004575  0.00022875 0.0004575  0.00022875 0.0004575  0.
 0.00022875 0.0004575  0.00022875 0.00022875 0.00022875 0.00022875
 0.00022875 0.00022875 0.0004575  0.00022875 0.0004575  0.00022875
 0.00022875 0.0004575  0.0004575  0.0004575  0.0004575  0.00022875
 0.00022875 0.0004575  0.0004575  0.0004575  0.0004575  0.00022875
 0.0004575  0.00022875 0.0004575  0.00022875 0.         0.0004575
 0.0004575  0.00022875 0.00022875 0.00022875 0.00022875 0.0004575
 0.0004575  0.00022875 0.0004575  0.0004575  0.0004575  0.0004575
 0.0004575  0.         0.00022875 0.00022875 0.0004575  0.0004575
 0.00022875 0.0004575  0.0004575  0.00022875 0.00022875 0.00022875
 0.00022875 0.00022875 0.00022875 0.00022875 0.         0.0004575
 0.0004575  0.0004575  0.00022875 0.0004575  0.00022875 0.00022875
 0.00022875 0.0004575  0.0004575  0.00022875]",0.0,0.0003156744958718871,0.00014387606475244863,0,100,0.0,0.4,100,[],"[4.0, 4.0, 4.0, 4.0, 2.0, 4.0, 1.0, 4.0, 3.0, 1.0, 4.0, 1.0, 4.0, 1.0, 4.0, 1.0, 4.0, 1.0, 2.0, 4.0, 2.0, 3.0, 2.0, 3.0, 4.0, 1.0, 4.0, 1.0, 4.0, 2.0, 3.0, 4.0, 1.0, 1.0, 1.0, 1.0, 3.0, 1.0, 4.0, 3.0, 4.0, 1.0, 3.0, 4.0, 4.0, 4.0, 4.0, 1.0, 1.0, 4.0, 4.0, 4.0, 4.0, 1.0, 4.0, 1.0, 4.0, 3.0, 2.0, 4.0, 4.0, 1.0, 1.0, 3.0, 1.0, 4.0, 4.0, 3.0, 4.0, 4.0, 4.0, 4.0, 4.0, 2.0, 3.0, 3.0, 4.0, 4.0, 1.0, 4.0, 4.0, 1.0, 1.0, 3.0, 1.0, 1.0, 1.0, 1.0, 2.0, 4.0, 4.0, 4.0, 1.0, 4.0, 1.0, 3.0, 3.0, 4.0, 4.0, 1.0]",1.0,2.76,1.3124023773218336,"[0.0, 0.0, 0.0, 0.0, 2.0, 0.0, 1.0, 0.0, 1.0, 1.0, 0.0, 1.0, 0.0, 1.0, 0.0, 1.0, 0.0, 1.0, 2.0, 0.0, 2.0, 1.0, 2.0, 1.0, 0.0, 1.0, 0.0, 1.0, 0.0, 2.0, 1.0, 0.0, 1.0, 1.0, 1.0, 1.0, 1.0, 1.0, 0.0, 1.0, 0.0, 1.0, 1.0, 0.0, 0.0, 0.0, 0.0, 1.0, 1.0, 0.0, 0.0, 0.0, 0.0, 1.0, 0.0, 1.0, 0.0, 1.0, 2.0, 0.0, 0.0, 1.0, 1.0, 1.0, 1.0, 0.0, 0.0, 1.0, 0.0, 0.0, 0.0, 0.0, 0.0, 2.0, 1.0, 1.0, 0.0, 0.0, 1.0, 0.0, 0.0, 1.0, 1.0, 1.0, 1.0, 1.0, 1.0, 1.0, 2.0, 0.0, 0.0, 0.0, 1.0, 0.0, 1.0, 1.0, 1.0, 0.0, 0.0, 1.0]",0.0,0.62,0.6289674077406555
0,f7afceea-2401-4f60-aa41-b74ffebd0618,5891609e-611e-44f6-86ae-1959537e6434,fa081d9a-0eb4-4293-9c6a-f1e19295bb14,2022-03-15 03:52:46.758187,"[-0.375      -0.49968244 -0.43734122 -0.49968244 -0.49968244 -0.43734122
 -0.49968244 -0.43734122 -0.375      -0.43734122 -0.49968244 -0.49968244
 -0.49968244 -0.49968244 -0.49968244 -0.49968244 -0.43734122 -0.43734122
 -0.43734122 -0.43734122 -0.43734122 -0.49968244 -0.49968244 -0.43734122
 -0.49968244 -0.43734122 -0.49968244 -0.49968244 -0.375      -0.49968244
 -0.43734122 -0.43734122 -0.43734122 -0.43734122 -0.375      -0.49968244
 -0.43734122 -0.43734122 -0.49968244 -0.49968244 -0.43734122 -0.43734122
 -0.43734122 -0.49968244 -0.43734122 -0.49968244 -0.43734122 -0.49968244
 -0.37165094 -0.49968244 -0.43734122 -0.43734122 -0.43734122 -0.375
 -0.375      -0.43734122 -0.49968244 -0.375      -0.43734122 -0.43734122
 -0.43734122 -0.43734122 -0.49968244 -0.49968244 -0.43734122 -0.49968244
 -0.49968244 -0.375      -0.49968244 -0.49968244 -0.375      -0.49968244
 -0.43734122 -0.43734122 -0.49968244 -0.43734122 -0.49968244 -0.43734122
 -0.43734122 -0.49968244 -0.49968244 -0.375      -0.375      -0.49968244
 -0.43734122 -0.43734122 -0.43734122 -0.49968244 -0.49968244 -0.49968244
 -0.49968244 -0.43734122 -0.49968244 -0.49968244 -0.49968244 -0.49968244
 -0.49968244 -0.43734122 -0.49968244 -0.375     ]",-0.4996824352957975,-0.45788032890005553,0.043306176619029725,"[0.         0.0004575  0.00022875 0.0004575  0.0004575  0.00022875
 0.0004575  0.00022875 0.         0.00022875 0.0004575  0.0004575
 0.0004575  0.0004575  0.0004575  0.0004575  0.00022875 0.00022875
 0.00022875 0.00022875 0.00022875 0.0004575  0.0004575  0.00022875
 0.0004575  0.00022875 0.0004575  0.0004575  0.         0.0004575
 0.00022875 0.00022875 0.00022875 0.00022875 0.         0.0004575
 0.00022875 0.00022875 0.0004575  0.0004575  0.00022875 0.00022875
 0.00022875 0.0004575  0.00022875 0.0004575  0.00022875 0.0004575
 0.18490594 0.0004575  0.00022875 0.00022875 0.00022875 0.
 0.         0.00022875 0.0004575  0.         0.00022875 0.00022875
 0.00022875 0.00022875 0.0004575  0.0004575  0.00022875 0.0004575
 0.0004575  0.         0.0004575  0.0004575  0.         0.0004575
 0.00022875 0.00022875 0.0004575  0.00022875 0.0004575  0.00022875
 0.00022875 0.0004575  0.0004575  0.         0.         0.0004575
 0.00022875 0.00022875 0.00022875 0.0004575  0.0004575  0.0004575
 0.0004575  0.00022875 0.0004575  0.0004575  0.0004575  0.0004575
 0.0004575  0.00022875 0.0004575  0.        ]",0.0,0.0021532964058602524,0.01836799151758141,0,100,0.0,0.5,100,[],"[2.0, 4.0, 1.0, 4.0, 4.0, 1.0, 4.0, 3.0, 4.0, 1.0, 4.0, 4.0, 4.0, 4.0, 4.0, 4.0, 3.0, 3.0, 3.0, 3.0, 3.0, 4.0, 4.0, 3.0, 4.0, 1.0, 4.0, 4.0, 2.0, 4.0, 1.0, 3.0, 3.0, 1.0, 2.0, 4.0, 1.0, 3.0, 4.0, 4.0, 3.0, 3.0, 1.0, 4.0, 3.0, 4.0, 1.0, 4.0, 2.0, 4.0, 3.0, 1.0, 3.0, 2.0, 2.0, 1.0, 4.0, 2.0, 1.0, 3.0, 1.0, 1.0, 4.0, 4.0, 1.0, 4.0, 4.0, 2.0, 4.0, 4.0, 4.0, 4.0, 3.0, 1.0, 4.0, 1.0, 4.0, 3.0, 3.0, 4.0, 4.0, 2.0, 2.0, 4.0, 1.0, 1.0, 3.0, 4.0, 4.0, 4.0, 4.0, 3.0, 4.0, 4.0, 4.0, 4.0, 4.0, 3.0, 4.0, 4.0]",1.0,3.01,1.1618519699169942,"[2.0, 0.0, 1.0, 0.0, 0.0, 1.0, 0.0, 1.0, 2.0, 1.0, 0.0, 0.0, 0.0, 0.0, 0.0, 0.0, 1.0, 1.0, 1.0, 1.0, 1.0, 0.0, 0.0, 1.0, 0.0, 1.0, 0.0, 0.0, 2.0, 0.0, 1.0, 1.0, 1.0, 1.0, 2.0, 0.0, 1.0, 1.0, 0.0, 0.0, 1.0, 1.0, 1.0, 0.0, 1.0, 0.0, 1.0, 0.0, 0.0, 0.0, 1.0, 1.0, 1.0, 2.0, 2.0, 1.0, 0.0, 2.0, 1.0, 1.0, 1.0, 1.0, 0.0, 0.0, 1.0, 0.0, 0.0, 2.0, 0.0, 0.0, 2.0, 0.0, 1.0, 1.0, 0.0, 1.0, 0.0, 1.0, 1.0, 0.0, 0.0, 2.0, 2.0, 0.0, 1.0, 1.0, 1.0, 0.0, 0.0, 0.0, 0.0, 1.0, 0.0, 0.0, 0.0, 0.0, 0.0, 1.0, 0.0, 2.0]",0.0,0.65,0.6837397165588672
0,194eb23d-23c4-4f80-a75a-8454387a9393,5891609e-611e-44f6-86ae-1959537e6434,fa081d9a-0eb4-4293-9c6a-f1e19295bb14,2022-03-15 03:52:47.141539,"[-0.52484122 -0.52484122 -0.59968244 -0.52484122 -0.59968244 -0.59968244
 -0.59968244 -0.45       -0.52484122 -0.59968244 -0.45       -0.59968244
 -0.52484122 -0.59968244 -0.45       -0.52484122 -0.47165094 -0.52484122
 -0.59968244 -0.52484122 -0.59968244 -0.59968244 -0.59968244 -0.52484122
 -0.59968244 -0.52484122 -0.59968244 -0.52484122 -0.52484122 -0.59968244
 -0.45       -0.59968244 -0.59968244 -0.52484122 -0.59968244 -0.52484122
 -0.52484122 -0.52484122 -0.59968244 -0.59968244 -0.52484122 -0.52484122
 -0.52484122 -0.52484122 -0.45       -0.52484122 -0.45       -0.52484122
 -0.59968244 -0.52484122 -0.59968244 -0.52484122 -0.52484122 -0.52484122
 -0.59968244 -0.59968244 -0.52484122 -0.52484122 -0.52484122 -0.59968244
 -0.59968244 -0.52484122 -0.59968244 -0.52484122 -0.59968244 -0.59968244
 -0.52484122 -0.59968244 -0.52484122 -0.59968244 -0.39680973 -0.59968244
 -0.59968244 -0.59968244 -0.59968244 -0.52484122 -0.52484122 -0.52484122
 -0.59968244 -0.59968244 -0.59968244 -0.45       -0.59968244 -0.52484122
 -0.59968244 -0.59968244 -0.59968244 -0.52484122 -0.52484122 -0.52484122
 -0.59968244 -0.59968244 -0.52484122 -0.59968244 -0.59968244 -0.52484122
 -0.45       -0.45       -0.52484122 -0.59968244]",-0.5996824352957976,-0.5507202505048848,0.05102110019209856,"[0.00022875 0.00022875 0.0004575  0.00022875 0.0004575  0.0004575
 0.0004575  0.         0.00022875 0.0004575  0.         0.0004575
 0.00022875 0.0004575  0.         0.00022875 0.18490594 0.00022875
 0.0004575  0.00022875 0.0004575  0.0004575  0.0004575  0.00022875
 0.0004575  0.00022875 0.0004575  0.00022875 0.00022875 0.0004575
 0.         0.0004575  0.0004575  0.00022875 0.0004575  0.00022875
 0.00022875 0.00022875 0.0004575  0.0004575  0.00022875 0.00022875
 0.00022875 0.00022875 0.         0.00022875 0.         0.00022875
 0.0004575  0.00022875 0.0004575  0.00022875 0.00022875 0.00022875
 0.0004575  0.0004575  0.00022875 0.00022875 0.00022875 0.0004575
 0.0004575  0.00022875 0.0004575  0.00022875 0.0004575  0.0004575
 0.00022875 0.0004575  0.00022875 0.0004575  0.18467719 0.0004575
 0.0004575  0.0004575  0.0004575  0.00022875 0.00022875 0.00022875
 0.0004575  0.0004575  0.0004575  0.         0.0004575  0.00022875
 0.0004575  0.0004575  0.0004575  0.00022875 0.00022875 0.00022875
 0.0004575  0.0004575  0.00022875 0.0004575  0.0004575  0.00022875
 0.         0.         0.00022875 0.0004575 ]",0.0,0.004004643293930004,0.02582712372241191,0,100,0.0,0.6000000000000001,100,[],"[1.0, 3.0, 4.0, 1.0, 4.0, 4.0, 4.0, 4.0, 1.0, 4.0, 4.0, 4.0, 1.0, 4.0, 4.0, 1.0, 2.0, 3.0, 4.0, 3.0, 4.0, 4.0, 4.0, 1.0, 4.0, 3.0, 4.0, 1.0, 3.0, 4.0, 2.0, 4.0, 4.0, 1.0, 4.0, 1.0, 3.0, 3.0, 4.0, 4.0, 3.0, 3.0, 3.0, 1.0, 2.0, 3.0, 2.0, 3.0, 4.0, 1.0, 4.0, 3.0, 3.0, 3.0, 4.0, 4.0, 3.0, 1.0, 1.0, 4.0, 4.0, 3.0, 4.0, 3.0, 4.0, 4.0, 1.0, 4.0, 1.0, 4.0, 1.0, 4.0, 4.0, 4.0, 4.0, 1.0, 1.0, 1.0, 4.0, 4.0, 4.0, 2.0, 4.0, 3.0, 4.0, 4.0, 4.0, 3.0, 3.0, 3.0, 4.0, 4.0, 1.0, 4.0, 4.0, 1.0, 2.0, 2.0, 1.0, 4.0]",1.0,2.98,1.1998333217576513,"[1.0, 1.0, 0.0, 1.0, 0.0, 0.0, 0.0, 2.0, 1.0, 0.0, 2.0, 0.0, 1.0, 0.0, 2.0, 1.0, 0.0, 1.0, 0.0, 1.0, 0.0, 0.0, 0.0, 1.0, 0.0, 1.0, 0.0, 1.0, 1.0, 0.0, 2.0, 0.0, 0.0, 1.0, 0.0, 1.0, 1.0, 1.0, 0.0, 0.0, 1.0, 1.0, 1.0, 1.0, 2.0, 1.0, 2.0, 1.0, 0.0, 1.0, 0.0, 1.0, 1.0, 1.0, 0.0, 0.0, 1.0, 1.0, 1.0, 0.0, 0.0, 1.0, 0.0, 1.0, 0.0, 0.0, 1.0, 0.0, 1.0, 0.0, 1.0, 0.0, 0.0, 0.0, 0.0, 1.0, 1.0, 1.0, 0.0, 0.0, 0.0, 2.0, 0.0, 1.0, 0.0, 0.0, 0.0, 1.0, 1.0, 1.0, 0.0, 0.0, 1.0, 0.0, 0.0, 1.0, 2.0, 2.0, 1.0, 0.0]",0.0,0.62,0.6446704584514479
0,fbd36448-e317-464a-b6b4-e732f8a3595e,5891609e-611e-44f6-86ae-1959537e6434,fa081d9a-0eb4-4293-9c6a-f1e19295bb14,2022-03-15 03:52:47.526463,"[-0.57165094 -0.69968244 -0.69968244 -0.69968244 -0.48430973 -0.61234122
 -0.69968244 -0.61234122 -0.69968244 -0.61234122 -0.69968244 -0.61234122
 -0.61234122 -0.69968244 -0.69968244 -0.69968244 -0.525      -0.61234122
 -0.61234122 -0.525      -0.57165094 -0.525      -0.69968244 -0.61234122
 -0.61234122 -0.61234122 -0.69968244 -0.61234122 -0.69968244 -0.69968244
 -0.69968244 -0.61234122 -0.69968244 -0.61234122 -0.61234122 -0.525
 -0.69968244 -0.61234122 -0.69968244 -0.69968244 -0.49610541 -0.69968244
 -0.525      -0.69968244 -0.61234122 -0.61234122 -0.61234122 -0.40876419
 -0.69968244 -0.69968244 -0.69968244 -0.69968244 -0.61234122 -0.61234122
 -0.61234122 -0.40876419 -0.61234122 -0.61234122 -0.69968244 -0.61234122
 -0.69968244 -0.525      -0.61234122 -0.69968244 -0.61234122 -0.61234122
 -0.69968244 -0.69968244 -0.69968244 -0.61234122 -0.61234122 -0.525
 -0.61234122 -0.69968244 -0.69968244 -0.69968244 -0.525      -0.48430973
 -0.69968244 -0.61234122 -0.69968244 -0.61234122 -0.61234122 -0.69968244
 -0.69968244 -0.61234122 -0.61234122 -0.525      -0.69968244 -0.57165094
 -0.61234122 -0.69968244 -0.69968244 -0.69968244 -0.61234122 -0.69968244
 -0.69968244 -0.69968244 -0.69968244 -0.61234122]",-0.6996824352957975,-0.6347688193927354,0.0704122026926798,"[1.84905939e-01 4.57499269e-04 4.57499269e-04 4.57499269e-04
 1.84677190e-01 2.28749635e-04 4.57499269e-04 2.28749635e-04
 4.57499269e-04 2.28749635e-04 4.57499269e-04 2.28749635e-04
 2.28749635e-04 4.57499269e-04 4.57499269e-04 4.57499269e-04
 0.00000000e+00 2.28749635e-04 2.28749635e-04 0.00000000e+00
 1.84905939e-01 0.00000000e+00 4.57499269e-04 2.28749635e-04
 2.28749635e-04 2.28749635e-04 4.57499269e-04 2.28749635e-04
 4.57499269e-04 4.57499269e-04 4.57499269e-04 2.28749635e-04
 4.57499269e-04 2.28749635e-04 2.28749635e-04 0.00000000e+00
 4.57499269e-04 2.28749635e-04 4.57499269e-04 4.57499269e-04
 2.93740531e-01 4.57499269e-04 0.00000000e+00 4.57499269e-04
 2.28749635e-04 2.28749635e-04 2.28749635e-04 2.93511782e-01
 4.57499269e-04 4.57499269e-04 4.57499269e-04 4.57499269e-04
 2.28749635e-04 2.28749635e-04 2.28749635e-04 2.93511782e-01
 2.28749635e-04 2.28749635e-04 4.57499269e-04 2.28749635e-04
 4.57499269e-04 0.00000000e+00 2.28749635e-04 4.57499269e-04
 2.28749635e-04 2.28749635e-04 4.57499269e-04 4.57499269e-04
 4.57499269e-04 2.28749635e-04 2.28749635e-04 0.00000000e+00
 2.28749635e-04 4.57499269e-04 4.57499269e-04 4.57499269e-04
 0.00000000e+00 1.84677190e-01 4.57499269e-04 2.28749635e-04
 4.57499269e-04 2.28749635e-04 2.28749635e-04 4.57499269e-04
 4.57499269e-04 2.28749635e-04 2.28749635e-04 0.00000000e+00
 4.57499269e-04 1.84905939e-01 2.28749635e-04 4.57499269e-04
 4.57499269e-04 4.57499269e-04 2.28749635e-04 4.57499269e-04
 4.57499269e-04 4.57499269e-04 4.57499269e-04 2.28749635e-04]",0.0,0.018341162443697063,0.06290750054615804,0,100,0.0,0.7000000000000001,100,[],"[2.0, 4.0, 4.0, 4.0, 1.0, 1.0, 4.0, 1.0, 4.0, 3.0, 4.0, 3.0, 3.0, 4.0, 4.0, 4.0, 4.0, 1.0, 3.0, 2.0, 2.0, 2.0, 4.0, 1.0, 3.0, 1.0, 4.0, 1.0, 4.0, 4.0, 4.0, 1.0, 4.0, 3.0, 1.0, 2.0, 4.0, 1.0, 4.0, 4.0, 2.0, 4.0, 2.0, 4.0, 1.0, 3.0, 1.0, 1.0, 4.0, 4.0, 4.0, 4.0, 1.0, 1.0, 1.0, 1.0, 1.0, 1.0, 4.0, 1.0, 4.0, 2.0, 1.0, 4.0, 1.0, 1.0, 4.0, 4.0, 4.0, 3.0, 3.0, 2.0, 3.0, 4.0, 4.0, 4.0, 2.0, 1.0, 4.0, 1.0, 4.0, 1.0, 3.0, 4.0, 4.0, 1.0, 1.0, 2.0, 4.0, 2.0, 1.0, 4.0, 4.0, 4.0, 1.0, 4.0, 4.0, 4.0, 4.0, 3.0]",1.0,2.74,1.3085870242364472,"[0.0, 0.0, 0.0, 0.0, 1.0, 1.0, 0.0, 1.0, 0.0, 1.0, 0.0, 1.0, 1.0, 0.0, 0.0, 0.0, 2.0, 1.0, 1.0, 2.0, 0.0, 2.0, 0.0, 1.0, 1.0, 1.0, 0.0, 1.0, 0.0, 0.0, 0.0, 1.0, 0.0, 1.0, 1.0, 2.0, 0.0, 1.0, 0.0, 0.0, 0.0, 0.0, 2.0, 0.0, 1.0, 1.0, 1.0, 1.0, 0.0, 0.0, 0.0, 0.0, 1.0, 1.0, 1.0, 1.0, 1.0, 1.0, 0.0, 1.0, 0.0, 2.0, 1.0, 0.0, 1.0, 1.0, 0.0, 0.0, 0.0, 1.0, 1.0, 2.0, 1.0, 0.0, 0.0, 0.0, 2.0, 1.0, 0.0, 1.0, 0.0, 1.0, 1.0, 0.0, 0.0, 1.0, 1.0, 2.0, 0.0, 0.0, 1.0, 0.0, 0.0, 0.0, 1.0, 0.0, 0.0, 0.0, 0.0, 1.0]",0.0,0.6,0.648074069840786
0,34c00dec-60c2-47d6-9ff8-af8a86b59b11,5891609e-611e-44f6-86ae-1959537e6434,fa081d9a-0eb4-4293-9c6a-f1e19295bb14,2022-03-15 03:52:47.918203,"[-0.79968244 -0.69984122 -0.79968244 -0.67165094 -0.69984122 -0.6
 -0.6        -0.6        -0.69984122 -0.69984122 -0.69984122 -0.69984122
 -0.79968244 -0.67165094 -0.79968244 -0.69984122 -0.79968244 -0.69984122
 -0.79968244 -0.69984122 -0.69984122 -0.57180973 -0.79968244 -0.6
 -0.79968244 -0.6        -0.6        -0.79968244 -0.69984122 -0.79968244
 -0.69984122 -0.69984122 -0.69984122 -0.69984122 -0.69984122 -0.69984122
 -0.79968244 -0.67165094 -0.79968244 -0.67165094 -0.6        -0.69984122
 -0.79968244 -0.79968244 -0.79968244 -0.6        -0.69984122 -0.79968244
 -0.69984122 -0.69984122 -0.69984122 -0.69984122 -0.69984122 -0.69984122
 -0.79968244 -0.69984122 -0.79968244 -0.69984122 -0.79968244 -0.69984122
 -0.49626419 -0.69984122 -0.79968244 -0.69984122 -0.79968244 -0.79968244
 -0.6        -0.69984122 -0.79968244 -0.6        -0.79968244 -0.69984122
 -0.79968244 -0.79968244 -0.79968244 -0.79968244 -0.69984122 -0.69984122
 -0.67165094 -0.69984122 -0.6        -0.69984122 -0.69984122 -0.79968244
 -0.67165094 -0.69984122 -0.79968244 -0.69984122 -0.69984122 -0.79968244
 -0.79968244 -0.69984122 -0.67165094 -0.69984122 -0.67165094 -0.79968244
 -0.69984122 -0.69984122 -0.79968244 -0.79968244]",-0.7996824352957976,-0.7182318027433284,0.06992225684392478,"[4.57499269e-04 2.28749635e-04 4.57499269e-04 1.84905939e-01
 2.28749635e-04 0.00000000e+00 0.00000000e+00 0.00000000e+00
 2.28749635e-04 2.28749635e-04 2.28749635e-04 2.28749635e-04
 4.57499269e-04 1.84905939e-01 4.57499269e-04 2.28749635e-04
 4.57499269e-04 2.28749635e-04 4.57499269e-04 2.28749635e-04
 2.28749635e-04 1.84677190e-01 4.57499269e-04 0.00000000e+00
 4.57499269e-04 0.00000000e+00 0.00000000e+00 4.57499269e-04
 2.28749635e-04 4.57499269e-04 2.28749635e-04 2.28749635e-04
 2.28749635e-04 2.28749635e-04 2.28749635e-04 2.28749635e-04
 4.57499269e-04 1.84905939e-01 4.57499269e-04 1.84905939e-01
 0.00000000e+00 2.28749635e-04 4.57499269e-04 4.57499269e-04
 4.57499269e-04 0.00000000e+00 2.28749635e-04 4.57499269e-04
 2.28749635e-04 2.28749635e-04 2.28749635e-04 2.28749635e-04
 2.28749635e-04 2.28749635e-04 4.57499269e-04 2.28749635e-04
 4.57499269e-04 2.28749635e-04 4.57499269e-04 2.28749635e-04
 2.93511782e-01 2.28749635e-04 4.57499269e-04 2.28749635e-04
 4.57499269e-04 4.57499269e-04 0.00000000e+00 2.28749635e-04
 4.57499269e-04 0.00000000e+00 4.57499269e-04 2.28749635e-04
 4.57499269e-04 4.57499269e-04 4.57499269e-04 4.57499269e-04
 2.28749635e-04 2.28749635e-04 1.84905939e-01 2.28749635e-04
 0.00000000e+00 2.28749635e-04 2.28749635e-04 4.57499269e-04
 1.84905939e-01 2.28749635e-04 4.57499269e-04 2.28749635e-04
 2.28749635e-04 4.57499269e-04 4.57499269e-04 2.28749635e-04
 1.84905939e-01 2.28749635e-04 1.84905939e-01 4.57499269e-04
 2.28749635e-04 2.28749635e-04 4.57499269e-04 4.57499269e-04]",0.0,0.01983513942904739,0.05953510170167302,0,100,0.0,0.8,100,[],"[4.0, 3.0, 4.0, 2.0, 1.0, 2.0, 4.0, 2.0, 1.0, 1.0, 1.0, 3.0, 4.0, 2.0, 4.0, 1.0, 4.0, 1.0, 4.0, 1.0, 1.0, 1.0, 4.0, 2.0, 4.0, 2.0, 2.0, 4.0, 1.0, 4.0, 1.0, 3.0, 1.0, 1.0, 3.0, 3.0, 4.0, 2.0, 4.0, 2.0, 4.0, 1.0, 4.0, 4.0, 4.0, 2.0, 3.0, 4.0, 1.0, 3.0, 3.0, 3.0, 3.0, 3.0, 4.0, 3.0, 4.0, 3.0, 4.0, 1.0, 1.0, 3.0, 4.0, 1.0, 4.0, 4.0, 4.0, 3.0, 4.0, 4.0, 4.0, 1.0, 4.0, 4.0, 4.0, 4.0, 1.0, 3.0, 2.0, 3.0, 2.0, 1.0, 1.0, 4.0, 2.0, 1.0, 4.0, 1.0, 3.0, 4.0, 4.0, 3.0, 2.0, 3.0, 2.0, 4.0, 1.0, 1.0, 4.0, 4.0]",1.0,2.72,1.2253978945632313,"[0.0, 1.0, 0.0, 0.0, 1.0, 2.0, 2.0, 2.0, 1.0, 1.0, 1.0, 1.0, 0.0, 0.0, 0.0, 1.0, 0.0, 1.0, 0.0, 1.0, 1.0, 1.0, 0.0, 2.0, 0.0, 2.0, 2.0, 0.0, 1.0, 0.0, 1.0, 1.0, 1.0, 1.0, 1.0, 1.0, 0.0, 0.0, 0.0, 0.0, 2.0, 1.0, 0.0, 0.0, 0.0, 2.0, 1.0, 0.0, 1.0, 1.0, 1.0, 1.0, 1.0, 1.0, 0.0, 1.0, 0.0, 1.0, 0.0, 1.0, 1.0, 1.0, 0.0, 1.0, 0.0, 0.0, 2.0, 1.0, 0.0, 2.0, 0.0, 1.0, 0.0, 0.0, 0.0, 0.0, 1.0, 1.0, 0.0, 1.0, 2.0, 1.0, 1.0, 0.0, 0.0, 1.0, 0.0, 1.0, 1.0, 0.0, 0.0, 1.0, 0.0, 1.0, 0.0, 0.0, 1.0, 1.0, 0.0, 0.0]",0.0,0.68,0.6615134163416492
0,a8ad7f5c-81d8-439b-8303-c7f6b12231f4,5891609e-611e-44f6-86ae-1959537e6434,fa081d9a-0eb4-4293-9c6a-f1e19295bb14,2022-03-15 03:52:48.308694,"[-0.675      -0.77165094 -0.89968244 -0.78734122 -0.78734122 -0.78734122
 -0.78734122 -0.78734122 -0.78734122 -0.78734122 -0.89968244 -0.89968244
 -0.675      -0.89968244 -0.89968244 -0.89968244 -0.78734122 -0.89968244
 -0.77165094 -0.89968244 -0.65930973 -0.77165094 -0.89968244 -0.89968244
 -0.78734122 -0.78734122 -0.58376419 -0.77165094 -0.89968244 -0.78734122
 -0.89968244 -0.675      -0.78734122 -0.89968244 -0.89968244 -0.78734122
 -0.69610541 -0.65930973 -0.89968244 -0.675      -0.58376419 -0.89968244
 -0.64361945 -0.78734122 -0.89968244 -0.78734122 -0.89968244 -0.78734122
 -0.89968244 -0.89968244 -0.89968244 -0.89968244 -0.65930973 -0.89968244
 -0.89968244 -0.89968244 -0.89968244 -0.78734122 -0.89968244 -0.65930973
 -0.65930973 -0.89968244 -0.89968244 -0.78734122 -0.89968244 -0.78734122
 -0.78734122 -0.675      -0.65930973 -0.78734122 -0.89968244 -0.89968244
 -0.78734122 -0.78734122 -0.89968244 -0.78734122 -0.89968244 -0.78734122
 -0.78734122 -0.78734122 -0.77165094 -0.89968244 -0.89968244 -0.78734122
 -0.89968244 -0.675      -0.89968244 -0.89968244 -0.89968244 -0.78734122
 -0.78734122 -0.675      -0.89968244 -0.78734122 -0.78734122 -0.65930973
 -0.78734122 -0.78734122 -0.89968244 -0.89968244]",-0.8996824352957975,-0.8116162216007026,0.08943949740951582,"[0.00000000e+00 1.84905939e-01 4.57499269e-04 2.28749635e-04
 2.28749635e-04 2.28749635e-04 2.28749635e-04 2.28749635e-04
 2.28749635e-04 2.28749635e-04 4.57499269e-04 4.57499269e-04
 0.00000000e+00 4.57499269e-04 4.57499269e-04 4.57499269e-04
 2.28749635e-04 4.57499269e-04 1.84905939e-01 4.57499269e-04
 1.84677190e-01 1.84905939e-01 4.57499269e-04 4.57499269e-04
 2.28749635e-04 2.28749635e-04 2.93511782e-01 1.84905939e-01
 4.57499269e-04 2.28749635e-04 4.57499269e-04 0.00000000e+00
 2.28749635e-04 4.57499269e-04 4.57499269e-04 2.28749635e-04
 2.93740531e-01 1.84677190e-01 4.57499269e-04 0.00000000e+00
 2.93511782e-01 4.57499269e-04 3.69354379e-01 2.28749635e-04
 4.57499269e-04 2.28749635e-04 4.57499269e-04 2.28749635e-04
 4.57499269e-04 4.57499269e-04 4.57499269e-04 4.57499269e-04
 1.84677190e-01 4.57499269e-04 4.57499269e-04 4.57499269e-04
 4.57499269e-04 2.28749635e-04 4.57499269e-04 1.84677190e-01
 1.84677190e-01 4.57499269e-04 4.57499269e-04 2.28749635e-04
 4.57499269e-04 2.28749635e-04 2.28749635e-04 0.00000000e+00
 1.84677190e-01 2.28749635e-04 4.57499269e-04 4.57499269e-04
 2.28749635e-04 2.28749635e-04 4.57499269e-04 2.28749635e-04
 4.57499269e-04 2.28749635e-04 2.28749635e-04 2.28749635e-04
 1.84905939e-01 4.57499269e-04 4.57499269e-04 2.28749635e-04
 4.57499269e-04 0.00000000e+00 4.57499269e-04 4.57499269e-04
 4.57499269e-04 2.28749635e-04 2.28749635e-04 0.00000000e+00
 4.57499269e-04 2.28749635e-04 2.28749635e-04 1.84677190e-01
 2.28749635e-04 2.28749635e-04 4.57499269e-04 4.57499269e-04]",0.0,0.03494838452399928,0.08261761266077197,0,100,0.0,0.9,100,[],"[2.0, 2.0, 4.0, 1.0, 3.0, 1.0, 3.0, 3.0, 1.0, 1.0, 4.0, 4.0, 2.0, 4.0, 4.0, 4.0, 1.0, 4.0, 2.0, 4.0, 3.0, 2.0, 4.0, 4.0, 3.0, 1.0, 3.0, 2.0, 4.0, 3.0, 4.0, 2.0, 1.0, 4.0, 4.0, 3.0, 2.0, 3.0, 4.0, 2.0, 1.0, 4.0, 4.0, 1.0, 4.0, 1.0, 4.0, 3.0, 4.0, 4.0, 4.0, 4.0, 3.0, 4.0, 4.0, 4.0, 4.0, 1.0, 4.0, 1.0, 1.0, 4.0, 4.0, 1.0, 4.0, 3.0, 1.0, 2.0, 3.0, 1.0, 4.0, 4.0, 3.0, 3.0, 4.0, 3.0, 4.0, 1.0, 1.0, 3.0, 2.0, 4.0, 4.0, 3.0, 4.0, 2.0, 4.0, 4.0, 4.0, 3.0, 1.0, 4.0, 4.0, 1.0, 1.0, 3.0, 3.0, 3.0, 4.0, 4.0]",1.0,2.91,1.1840185809352823,"[2.0, 0.0, 0.0, 1.0, 1.0, 1.0, 1.0, 1.0, 1.0, 1.0, 0.0, 0.0, 2.0, 0.0, 0.0, 0.0, 1.0, 0.0, 0.0, 0.0, 1.0, 0.0, 0.0, 0.0, 1.0, 1.0, 1.0, 0.0, 0.0, 1.0, 0.0, 2.0, 1.0, 0.0, 0.0, 1.0, 0.0, 1.0, 0.0, 2.0, 1.0, 0.0, 0.0, 1.0, 0.0, 1.0, 0.0, 1.0, 0.0, 0.0, 0.0, 0.0, 1.0, 0.0, 0.0, 0.0, 0.0, 1.0, 0.0, 1.0, 1.0, 0.0, 0.0, 1.0, 0.0, 1.0, 1.0, 2.0, 1.0, 1.0, 0.0, 0.0, 1.0, 1.0, 0.0, 1.0, 0.0, 1.0, 1.0, 1.0, 0.0, 0.0, 0.0, 1.0, 0.0, 2.0, 0.0, 0.0, 0.0, 1.0, 1.0, 2.0, 0.0, 1.0, 1.0, 1.0, 1.0, 1.0, 0.0, 0.0]",0.0,0.57,0.6205642593640082
0,8a30bb75-4d52-4081-8376-848ce976f575,5891609e-611e-44f6-86ae-1959537e6434,fa081d9a-0eb4-4293-9c6a-f1e19295bb14,2022-03-15 03:52:48.735915,"[-0.87484122 -0.87484122 -0.87484122 -0.87484122 -0.99968244 -0.87484122
 -0.99968244 -0.75       -0.99968244 -0.99968244 -0.99968244 -0.87484122
 -0.99968244 -0.99968244 -0.87484122 -0.87484122 -0.99968244 -0.75
 -0.99968244 -0.75       -0.99968244 -0.99968244 -0.87165094 -0.99968244
 -0.87484122 -0.87484122 -0.99968244 -0.99968244 -0.87484122 -0.74680973
 -0.87484122 -0.87484122 -0.75       -0.87484122 -0.87484122 -0.87484122
 -0.99968244 -0.99968244 -0.99968244 -0.87484122 -0.87484122 -0.87484122
 -0.79610541 -0.87484122 -0.87484122 -0.87484122 -0.99968244 -0.75
 -0.99968244 -0.99968244 -0.87484122 -0.87484122 -0.99968244 -0.87484122
 -0.99968244 -0.99968244 -0.99968244 -0.87484122 -0.87484122 -0.87165094
 -0.99968244 -0.99968244 -0.99968244 -0.87484122 -0.99968244 -0.87484122
 -0.87165094 -0.87484122 -0.99968244 -0.99968244 -0.99968244 -0.75
 -0.87484122 -0.99968244 -0.75       -0.99968244 -0.99968244 -0.99968244
 -0.75       -0.99968244 -0.87165094 -0.87484122 -0.99968244 -0.99968244
 -0.75       -0.87165094 -0.99968244 -0.87165094 -0.75       -0.99968244
 -0.87484122 -0.99968244 -0.99968244 -0.87484122 -0.99968244 -0.99968244
 -0.99968244 -0.87484122 -0.67126419 -0.99968244]",-0.9996824352957975,-0.9154891963033848,0.08784353724662125,"[2.28749635e-04 2.28749635e-04 2.28749635e-04 2.28749635e-04
 4.57499269e-04 2.28749635e-04 4.57499269e-04 0.00000000e+00
 4.57499269e-04 4.57499269e-04 4.57499269e-04 2.28749635e-04
 4.57499269e-04 4.57499269e-04 2.28749635e-04 2.28749635e-04
 4.57499269e-04 0.00000000e+00 4.57499269e-04 0.00000000e+00
 4.57499269e-04 4.57499269e-04 1.84905939e-01 4.57499269e-04
 2.28749635e-04 2.28749635e-04 4.57499269e-04 4.57499269e-04
 2.28749635e-04 1.84677190e-01 2.28749635e-04 2.28749635e-04
 0.00000000e+00 2.28749635e-04 2.28749635e-04 2.28749635e-04
 4.57499269e-04 4.57499269e-04 4.57499269e-04 2.28749635e-04
 2.28749635e-04 2.28749635e-04 2.93740531e-01 2.28749635e-04
 2.28749635e-04 2.28749635e-04 4.57499269e-04 0.00000000e+00
 4.57499269e-04 4.57499269e-04 2.28749635e-04 2.28749635e-04
 4.57499269e-04 2.28749635e-04 4.57499269e-04 4.57499269e-04
 4.57499269e-04 2.28749635e-04 2.28749635e-04 1.84905939e-01
 4.57499269e-04 4.57499269e-04 4.57499269e-04 2.28749635e-04
 4.57499269e-04 2.28749635e-04 1.84905939e-01 2.28749635e-04
 4.57499269e-04 4.57499269e-04 4.57499269e-04 0.00000000e+00
 2.28749635e-04 4.57499269e-04 0.00000000e+00 4.57499269e-04
 4.57499269e-04 4.57499269e-04 0.00000000e+00 4.57499269e-04
 1.84905939e-01 2.28749635e-04 4.57499269e-04 4.57499269e-04
 0.00000000e+00 1.84905939e-01 4.57499269e-04 1.84905939e-01
 0.00000000e+00 4.57499269e-04 2.28749635e-04 4.57499269e-04
 4.57499269e-04 2.28749635e-04 4.57499269e-04 4.57499269e-04
 4.57499269e-04 2.28749635e-04 2.93511782e-01 4.57499269e-04]",0.0,0.01910416341080051,0.06125309147861733,0,100,0.0,1.0,100,[],"[3.0, 3.0, 3.0, 1.0, 4.0, 3.0, 4.0, 4.0, 4.0, 4.0, 4.0, 1.0, 4.0, 4.0, 3.0, 1.0, 4.0, 2.0, 4.0, 2.0, 4.0, 4.0, 2.0, 4.0, 1.0, 3.0, 4.0, 4.0, 3.0, 3.0, 3.0, 1.0, 2.0, 3.0, 1.0, 3.0, 4.0, 4.0, 4.0, 1.0, 3.0, 1.0, 2.0, 3.0, 1.0, 1.0, 4.0, 2.0, 4.0, 4.0, 3.0, 1.0, 4.0, 1.0, 4.0, 4.0, 4.0, 3.0, 3.0, 2.0, 4.0, 4.0, 4.0, 3.0, 4.0, 1.0, 2.0, 3.0, 4.0, 4.0, 4.0, 2.0, 3.0, 4.0, 2.0, 4.0, 4.0, 4.0, 2.0, 4.0, 2.0, 1.0, 4.0, 4.0, 2.0, 2.0, 4.0, 2.0, 2.0, 4.0, 3.0, 4.0, 4.0, 3.0, 4.0, 4.0, 4.0, 1.0, 1.0, 4.0]",1.0,2.99,1.1268983982595768,"[1.0, 1.0, 1.0, 1.0, 0.0, 1.0, 0.0, 2.0, 0.0, 0.0, 0.0, 1.0, 0.0, 0.0, 1.0, 1.0, 0.0, 2.0, 0.0, 2.0, 0.0, 0.0, 0.0, 0.0, 1.0, 1.0, 0.0, 0.0, 1.0, 1.0, 1.0, 1.0, 2.0, 1.0, 1.0, 1.0, 0.0, 0.0, 0.0, 1.0, 1.0, 1.0, 0.0, 1.0, 1.0, 1.0, 0.0, 2.0, 0.0, 0.0, 1.0, 1.0, 0.0, 1.0, 0.0, 0.0, 0.0, 1.0, 1.0, 0.0, 0.0, 0.0, 0.0, 1.0, 0.0, 1.0, 0.0, 1.0, 0.0, 0.0, 0.0, 2.0, 1.0, 0.0, 2.0, 0.0, 0.0, 0.0, 2.0, 0.0, 0.0, 1.0, 0.0, 0.0, 2.0, 0.0, 0.0, 0.0, 2.0, 0.0, 1.0, 0.0, 0.0, 1.0, 0.0, 0.0, 0.0, 1.0, 1.0, 0.0]",0.0,0.57,0.6671581521648371
0,0be286be-90dc-4cfe-af7f-fae582ad1153,5891609e-611e-44f6-86ae-1959537e6434,fa081d9a-0eb4-4293-9c6a-f1e19295bb14,2022-03-15 03:52:49.124373,"[-1.09968244 -0.96234122 -0.96234122 -1.09968244 -1.09968244 -0.97165094
 -1.09968244 -1.09968244 -0.96234122 -1.09968244 -1.09968244 -1.09968244
 -0.97165094 -1.09968244 -0.825      -0.96234122 -1.09968244 -1.09968244
 -1.09968244 -1.09968244 -0.83430973 -0.96234122 -0.96234122 -0.825
 -1.09968244 -0.96234122 -0.96234122 -1.09968244 -0.825      -1.09968244
 -0.96234122 -0.825      -0.96234122 -0.96234122 -0.96234122 -0.96234122
 -0.83430973 -1.09968244 -1.09968244 -0.96234122 -0.96234122 -0.97165094
 -1.09968244 -1.09968244 -0.96234122 -1.09968244 -1.09968244 -0.96234122
 -0.83430973 -1.09968244 -0.97165094 -0.96234122 -0.97165094 -0.97165094
 -1.09968244 -1.09968244 -1.09968244 -0.96234122 -1.09968244 -0.825
 -1.09968244 -1.09968244 -0.96234122 -1.09968244 -1.09968244 -1.09968244
 -1.09968244 -1.09968244 -1.09968244 -1.09968244 -0.96234122 -1.09968244
 -1.09968244 -0.96234122 -1.09968244 -0.97165094 -0.96234122 -0.89610541
 -0.96234122 -0.96234122 -0.96234122 -0.96234122 -0.96234122 -1.09968244
 -0.97165094 -1.09968244 -0.96234122 -0.96234122 -1.09968244 -0.89610541
 -1.09968244 -0.96234122 -0.97165094 -0.96234122 -0.97165094 -0.75876419
 -1.09968244 -1.09968244 -0.96234122 -0.97165094]",-1.0996824352957977,-1.0111003433654924,0.0897626206902638,"[4.57499269e-04 2.28749635e-04 2.28749635e-04 4.57499269e-04
 4.57499269e-04 1.84905939e-01 4.57499269e-04 4.57499269e-04
 2.28749635e-04 4.57499269e-04 4.57499269e-04 4.57499269e-04
 1.84905939e-01 4.57499269e-04 0.00000000e+00 2.28749635e-04
 4.57499269e-04 4.57499269e-04 4.57499269e-04 4.57499269e-04
 1.84677190e-01 2.28749635e-04 2.28749635e-04 0.00000000e+00
 4.57499269e-04 2.28749635e-04 2.28749635e-04 4.57499269e-04
 0.00000000e+00 4.57499269e-04 2.28749635e-04 0.00000000e+00
 2.28749635e-04 2.28749635e-04 2.28749635e-04 2.28749635e-04
 1.84677190e-01 4.57499269e-04 4.57499269e-04 2.28749635e-04
 2.28749635e-04 1.84905939e-01 4.57499269e-04 4.57499269e-04
 2.28749635e-04 4.57499269e-04 4.57499269e-04 2.28749635e-04
 1.84677190e-01 4.57499269e-04 1.84905939e-01 2.28749635e-04
 1.84905939e-01 1.84905939e-01 4.57499269e-04 4.57499269e-04
 4.57499269e-04 2.28749635e-04 4.57499269e-04 0.00000000e+00
 4.57499269e-04 4.57499269e-04 2.28749635e-04 4.57499269e-04
 4.57499269e-04 4.57499269e-04 4.57499269e-04 4.57499269e-04
 4.57499269e-04 4.57499269e-04 2.28749635e-04 4.57499269e-04
 4.57499269e-04 2.28749635e-04 4.57499269e-04 1.84905939e-01
 2.28749635e-04 2.93740531e-01 2.28749635e-04 2.28749635e-04
 2.28749635e-04 2.28749635e-04 2.28749635e-04 4.57499269e-04
 1.84905939e-01 4.57499269e-04 2.28749635e-04 2.28749635e-04
 4.57499269e-04 2.93740531e-01 4.57499269e-04 2.28749635e-04
 1.84905939e-01 2.28749635e-04 1.84905939e-01 2.93511782e-01
 4.57499269e-04 4.57499269e-04 2.28749635e-04 1.84905939e-01]",0.0,0.03497125948746826,0.07841158553722571,0,100,0.0,1.1,100,[],"[4.0, 1.0, 3.0, 4.0, 4.0, 2.0, 4.0, 4.0, 1.0, 4.0, 4.0, 4.0, 2.0, 4.0, 2.0, 3.0, 4.0, 4.0, 4.0, 4.0, 3.0, 1.0, 3.0, 2.0, 4.0, 3.0, 3.0, 4.0, 2.0, 4.0, 3.0, 2.0, 1.0, 3.0, 1.0, 1.0, 3.0, 4.0, 4.0, 3.0, 1.0, 2.0, 4.0, 4.0, 3.0, 4.0, 4.0, 3.0, 3.0, 4.0, 2.0, 1.0, 2.0, 2.0, 4.0, 4.0, 4.0, 1.0, 4.0, 4.0, 4.0, 4.0, 1.0, 4.0, 4.0, 4.0, 4.0, 4.0, 4.0, 4.0, 1.0, 4.0, 4.0, 1.0, 4.0, 2.0, 3.0, 2.0, 3.0, 1.0, 1.0, 3.0, 1.0, 4.0, 2.0, 4.0, 3.0, 1.0, 4.0, 2.0, 4.0, 3.0, 2.0, 3.0, 2.0, 3.0, 4.0, 4.0, 3.0, 2.0]",1.0,2.97,1.1265433857601759,"[0.0, 1.0, 1.0, 0.0, 0.0, 0.0, 0.0, 0.0, 1.0, 0.0, 0.0, 0.0, 0.0, 0.0, 2.0, 1.0, 0.0, 0.0, 0.0, 0.0, 1.0, 1.0, 1.0, 2.0, 0.0, 1.0, 1.0, 0.0, 2.0, 0.0, 1.0, 2.0, 1.0, 1.0, 1.0, 1.0, 1.0, 0.0, 0.0, 1.0, 1.0, 0.0, 0.0, 0.0, 1.0, 0.0, 0.0, 1.0, 1.0, 0.0, 0.0, 1.0, 0.0, 0.0, 0.0, 0.0, 0.0, 1.0, 0.0, 2.0, 0.0, 0.0, 1.0, 0.0, 0.0, 0.0, 0.0, 0.0, 0.0, 0.0, 1.0, 0.0, 0.0, 1.0, 0.0, 0.0, 1.0, 0.0, 1.0, 1.0, 1.0, 1.0, 1.0, 0.0, 0.0, 0.0, 1.0, 1.0, 0.0, 0.0, 0.0, 1.0, 0.0, 1.0, 0.0, 1.0, 0.0, 0.0, 1.0, 0.0]",0.0,0.47,0.5908468498688979
0,6e03ca8c-1e2d-4aa4-9551-8cb914ab2377,5891609e-611e-44f6-86ae-1959537e6434,fa081d9a-0eb4-4293-9c6a-f1e19295bb14,2022-03-15 03:52:49.563213,"[-1.07165094 -0.92180973 -0.9        -1.19968244 -1.07165094 -1.19968244
 -1.04984122 -0.63028281 -0.99610541 -1.19968244 -0.99610541 -1.19968244
 -1.19968244 -1.19968244 -1.19968244 -0.9        -1.19968244 -1.04984122
 -1.07165094 -1.04984122 -1.19968244 -1.19968244 -0.9        -1.19968244
 -1.04984122 -1.19968244 -1.04984122 -1.19968244 -1.19968244 -0.94361945
 -1.19968244 -0.94361945 -1.04984122 -1.19968244 -1.04984122 -0.92180973
 -1.04984122 -0.92180973 -1.04984122 -0.94361945 -1.19968244 -1.19968244
 -1.07165094 -1.07165094 -1.19968244 -1.19968244 -1.04984122 -1.04984122
 -0.99610541 -1.04984122 -1.19968244 -1.07165094 -1.19968244 -0.9
 -1.19968244 -1.04984122 -1.04984122 -1.04984122 -1.04984122 -1.07165094
 -1.19968244 -1.04984122 -1.04984122 -0.92180973 -1.04984122 -1.07165094
 -1.19968244 -1.04984122 -0.9        -0.94361945 -1.07165094 -1.04984122
 -1.04984122 -0.86807392 -1.19968244 -1.04984122 -1.07165094 -1.19968244
 -1.04984122 -1.19968244 -1.04984122 -1.04984122 -1.19968244 -1.19968244
 -1.07165094 -1.04984122 -1.04984122 -1.07165094 -1.19968244 -0.9
 -1.04984122 -1.19968244 -0.9        -1.19968244 -1.04984122 -1.19968244
 -1.19968244 -1.19968244 -1.19968244 -1.19968244]",-1.1996824352957978,-1.0819137005299981,0.11142858038603384,"[1.84905939e-01 1.84677190e-01 0.00000000e+00 4.57499269e-04
 1.84905939e-01 4.57499269e-04 2.28749635e-04 6.04665145e-01
 2.93740531e-01 4.57499269e-04 2.93740531e-01 4.57499269e-04
 4.57499269e-04 4.57499269e-04 4.57499269e-04 0.00000000e+00
 4.57499269e-04 2.28749635e-04 1.84905939e-01 2.28749635e-04
 4.57499269e-04 4.57499269e-04 0.00000000e+00 4.57499269e-04
 2.28749635e-04 4.57499269e-04 2.28749635e-04 4.57499269e-04
 4.57499269e-04 3.69354379e-01 4.57499269e-04 3.69354379e-01
 2.28749635e-04 4.57499269e-04 2.28749635e-04 1.84677190e-01
 2.28749635e-04 1.84677190e-01 2.28749635e-04 3.69354379e-01
 4.57499269e-04 4.57499269e-04 1.84905939e-01 1.84905939e-01
 4.57499269e-04 4.57499269e-04 2.28749635e-04 2.28749635e-04
 2.93740531e-01 2.28749635e-04 4.57499269e-04 1.84905939e-01
 4.57499269e-04 0.00000000e+00 4.57499269e-04 2.28749635e-04
 2.28749635e-04 2.28749635e-04 2.28749635e-04 1.84905939e-01
 4.57499269e-04 2.28749635e-04 2.28749635e-04 1.84677190e-01
 2.28749635e-04 1.84905939e-01 4.57499269e-04 2.28749635e-04
 0.00000000e+00 3.69354379e-01 1.84905939e-01 2.28749635e-04
 2.28749635e-04 4.78188971e-01 4.57499269e-04 2.28749635e-04
 1.84905939e-01 4.57499269e-04 2.28749635e-04 4.57499269e-04
 2.28749635e-04 2.28749635e-04 4.57499269e-04 4.57499269e-04
 1.84905939e-01 2.28749635e-04 2.28749635e-04 1.84905939e-01
 4.57499269e-04 0.00000000e+00 2.28749635e-04 4.57499269e-04
 0.00000000e+00 4.57499269e-04 2.28749635e-04 4.57499269e-04
 4.57499269e-04 4.57499269e-04 4.57499269e-04 4.57499269e-04]",0.0,0.06423320716037936,0.12381235500445835,0,100,0.0,1.2000000000000002,100,[],"[2.0, 1.0, 2.0, 4.0, 2.0, 4.0, 3.0, 1.0, 2.0, 4.0, 2.0, 4.0, 4.0, 4.0, 4.0, 2.0, 4.0, 1.0, 2.0, 1.0, 4.0, 4.0, 2.0, 4.0, 1.0, 4.0, 3.0, 4.0, 4.0, 4.0, 4.0, 4.0, 3.0, 4.0, 3.0, 3.0, 1.0, 3.0, 1.0, 4.0, 4.0, 4.0, 2.0, 2.0, 4.0, 4.0, 3.0, 3.0, 2.0, 1.0, 4.0, 2.0, 4.0, 4.0, 4.0, 3.0, 3.0, 1.0, 3.0, 2.0, 4.0, 3.0, 3.0, 1.0, 1.0, 2.0, 4.0, 3.0, 2.0, 4.0, 2.0, 3.0, 1.0, 2.0, 4.0, 1.0, 2.0, 4.0, 1.0, 4.0, 1.0, 3.0, 4.0, 4.0, 2.0, 1.0, 3.0, 2.0, 4.0, 2.0, 3.0, 4.0, 2.0, 4.0, 1.0, 4.0, 4.0, 4.0, 4.0, 4.0]",1.0,2.87,1.1459057552870566,"[0.0, 1.0, 2.0, 0.0, 0.0, 0.0, 1.0, 1.0, 0.0, 0.0, 0.0, 0.0, 0.0, 0.0, 0.0, 2.0, 0.0, 1.0, 0.0, 1.0, 0.0, 0.0, 2.0, 0.0, 1.0, 0.0, 1.0, 0.0, 0.0, 0.0, 0.0, 0.0, 1.0, 0.0, 1.0, 1.0, 1.0, 1.0, 1.0, 0.0, 0.0, 0.0, 0.0, 0.0, 0.0, 0.0, 1.0, 1.0, 0.0, 1.0, 0.0, 0.0, 0.0, 2.0, 0.0, 1.0, 1.0, 1.0, 1.0, 0.0, 0.0, 1.0, 1.0, 1.0, 1.0, 0.0, 0.0, 1.0, 2.0, 0.0, 0.0, 1.0, 1.0, 0.0, 0.0, 1.0, 0.0, 0.0, 1.0, 0.0, 1.0, 1.0, 0.0, 0.0, 0.0, 1.0, 1.0, 0.0, 0.0, 2.0, 1.0, 0.0, 2.0, 0.0, 1.0, 0.0, 0.0, 0.0, 0.0, 0.0]",0.0,0.49,0.6244197306299666
0,c09c8cc4-c078-4e7f-87bc-70a1f4167491,5891609e-611e-44f6-86ae-1959537e6434,fa081d9a-0eb4-4293-9c6a-f1e19295bb14,2022-03-15 03:52:50.258255,"[-1.13734122 -1.29968244 -1.04361945 -1.13734122 -1.13734122 -1.09610541
 -1.29968244 -1.13734122 -1.29968244 -1.29968244 -1.09610541 -0.975
 -0.975      -1.29968244 -1.13734122 -1.13734122 -1.17165094 -1.00930973
 -1.13734122 -1.29968244 -1.29968244 -1.13734122 -1.13734122 -1.29968244
 -1.29968244 -1.29968244 -0.93376419 -1.13734122 -1.13734122 -1.17165094
 -0.975      -1.17165094 -1.13734122 -1.13734122 -1.13734122 -1.13734122
 -1.00930973 -1.29968244 -1.17165094 -1.29968244 -1.17165094 -1.13734122
 -1.13734122 -1.00930973 -1.17165094 -1.13734122 -1.29968244 -1.00930973
 -1.13734122 -1.29968244 -1.04361945 -1.17165094 -1.29968244 -1.29968244
 -1.13734122 -1.13734122 -1.17165094 -1.29968244 -1.29968244 -1.13734122
 -1.09610541 -1.13734122 -1.29968244 -1.29968244 -1.29968244 -1.29968244
 -1.17165094 -1.13734122 -1.13734122 -1.13734122 -0.975      -1.17165094
 -1.13734122 -1.29968244 -1.13734122 -1.17165094 -1.29968244 -0.975
 -1.13734122 -1.13734122 -1.29968244 -1.29968244 -1.29968244 -1.29968244
 -1.13734122 -1.29968244 -1.17165094 -1.29968244 -1.29968244 -1.17165094
 -1.13734122 -1.04361945 -1.13734122 -1.17165094 -1.17165094 -1.13734122
 -1.17165094 -1.13734122 -1.09610541 -1.29968244]",-1.2996824352957976,-1.1750447872799061,0.09959749779787859,"[2.28749635e-04 4.57499269e-04 3.69354379e-01 2.28749635e-04
 2.28749635e-04 2.93740531e-01 4.57499269e-04 2.28749635e-04
 4.57499269e-04 4.57499269e-04 2.93740531e-01 0.00000000e+00
 0.00000000e+00 4.57499269e-04 2.28749635e-04 2.28749635e-04
 1.84905939e-01 1.84677190e-01 2.28749635e-04 4.57499269e-04
 4.57499269e-04 2.28749635e-04 2.28749635e-04 4.57499269e-04
 4.57499269e-04 4.57499269e-04 2.93511782e-01 2.28749635e-04
 2.28749635e-04 1.84905939e-01 0.00000000e+00 1.84905939e-01
 2.28749635e-04 2.28749635e-04 2.28749635e-04 2.28749635e-04
 1.84677190e-01 4.57499269e-04 1.84905939e-01 4.57499269e-04
 1.84905939e-01 2.28749635e-04 2.28749635e-04 1.84677190e-01
 1.84905939e-01 2.28749635e-04 4.57499269e-04 1.84677190e-01
 2.28749635e-04 4.57499269e-04 3.69354379e-01 1.84905939e-01
 4.57499269e-04 4.57499269e-04 2.28749635e-04 2.28749635e-04
 1.84905939e-01 4.57499269e-04 4.57499269e-04 2.28749635e-04
 2.93740531e-01 2.28749635e-04 4.57499269e-04 4.57499269e-04
 4.57499269e-04 4.57499269e-04 1.84905939e-01 2.28749635e-04
 2.28749635e-04 2.28749635e-04 0.00000000e+00 1.84905939e-01
 2.28749635e-04 4.57499269e-04 2.28749635e-04 1.84905939e-01
 4.57499269e-04 0.00000000e+00 2.28749635e-04 2.28749635e-04
 4.57499269e-04 4.57499269e-04 4.57499269e-04 4.57499269e-04
 2.28749635e-04 4.57499269e-04 1.84905939e-01 4.57499269e-04
 4.57499269e-04 1.84905939e-01 2.28749635e-04 3.69354379e-01
 2.28749635e-04 1.84905939e-01 1.84905939e-01 2.28749635e-04
 1.84905939e-01 2.28749635e-04 2.93740531e-01 4.57499269e-04]",0.0,0.06296387042676699,0.10618760412196382,0,100,0.0,1.3,100,[],"[1.0, 4.0, 4.0, 1.0, 3.0, 2.0, 4.0, 1.0, 4.0, 4.0, 2.0, 2.0, 2.0, 4.0, 1.0, 3.0, 2.0, 1.0, 3.0, 4.0, 4.0, 3.0, 3.0, 4.0, 4.0, 4.0, 1.0, 1.0, 1.0, 2.0, 2.0, 2.0, 3.0, 1.0, 3.0, 3.0, 3.0, 4.0, 2.0, 4.0, 2.0, 1.0, 3.0, 1.0, 2.0, 3.0, 4.0, 1.0, 1.0, 4.0, 4.0, 2.0, 4.0, 4.0, 3.0, 1.0, 2.0, 4.0, 4.0, 3.0, 2.0, 3.0, 4.0, 4.0, 4.0, 4.0, 2.0, 1.0, 1.0, 1.0, 2.0, 2.0, 3.0, 4.0, 3.0, 2.0, 4.0, 4.0, 3.0, 1.0, 4.0, 4.0, 4.0, 4.0, 1.0, 4.0, 2.0, 4.0, 4.0, 2.0, 1.0, 4.0, 1.0, 2.0, 2.0, 3.0, 2.0, 3.0, 2.0, 4.0]",1.0,2.7,1.161895003862225,"[1.0, 0.0, 0.0, 1.0, 1.0, 0.0, 0.0, 1.0, 0.0, 0.0, 0.0, 2.0, 2.0, 0.0, 1.0, 1.0, 0.0, 1.0, 1.0, 0.0, 0.0, 1.0, 1.0, 0.0, 0.0, 0.0, 1.0, 1.0, 1.0, 0.0, 2.0, 0.0, 1.0, 1.0, 1.0, 1.0, 1.0, 0.0, 0.0, 0.0, 0.0, 1.0, 1.0, 1.0, 0.0, 1.0, 0.0, 1.0, 1.0, 0.0, 0.0, 0.0, 0.0, 0.0, 1.0, 1.0, 0.0, 0.0, 0.0, 1.0, 0.0, 1.0, 0.0, 0.0, 0.0, 0.0, 0.0, 1.0, 1.0, 1.0, 2.0, 0.0, 1.0, 0.0, 1.0, 0.0, 0.0, 2.0, 1.0, 1.0, 0.0, 0.0, 0.0, 0.0, 1.0, 0.0, 0.0, 0.0, 0.0, 0.0, 1.0, 0.0, 1.0, 0.0, 0.0, 1.0, 0.0, 1.0, 0.0, 0.0]",0.0,0.5,0.5916079783099616
0,94f4788e-0310-49cb-9901-da8b3ead46e7,5891609e-611e-44f6-86ae-1959537e6434,fa081d9a-0eb4-4293-9c6a-f1e19295bb14,2022-03-15 03:52:51.995348,"[-1.19610541 -1.02126419 -1.39968244 -1.22484122 -1.39968244 -1.27165094
 -1.22484122 -1.05       -1.09680973 -1.22484122 -1.22484122 -1.27165094
 -1.39968244 -1.39968244 -1.27165094 -1.02126419 -1.22484122 -1.39968244
 -1.22484122 -1.39968244 -1.27165094 -1.27165094 -1.39968244 -1.22484122
 -1.22484122 -1.27165094 -1.27165094 -1.22484122 -1.22484122 -1.39968244
 -1.39968244 -1.06807392 -1.05       -1.22484122 -1.22484122 -1.09680973
 -1.19610541 -1.39968244 -1.22484122 -1.22484122 -1.19610541 -1.27165094
 -1.39968244 -1.39968244 -1.22484122 -1.05       -1.39968244 -1.22484122
 -1.39968244 -1.39968244 -1.09680973 -1.02126419 -1.22484122 -1.39968244
 -1.02126419 -1.39968244 -1.39968244 -1.05       -1.39968244 -1.39968244
 -1.27165094 -1.22484122 -1.39968244 -1.39968244 -1.22484122 -1.39968244
 -1.39968244 -1.22484122 -1.27165094 -1.22484122 -1.27165094 -1.22484122
 -1.39968244 -1.09680973 -1.22484122 -1.39968244 -1.39968244 -1.39968244
 -1.09680973 -1.39968244 -1.09680973 -1.39968244 -1.09680973 -1.27165094
 -1.22484122 -1.22484122 -1.22484122 -1.22484122 -1.39968244 -1.19610541
 -1.22484122 -1.39968244 -1.22484122 -1.06807392 -1.19610541 -1.22484122
 -1.39968244 -1.27165094 -1.27165094 -1.22484122]",-1.3996824352957975,-1.2604211106711616,0.11700224315889227,"[2.93740531e-01 2.93511782e-01 4.57499269e-04 2.28749635e-04
 4.57499269e-04 1.84905939e-01 2.28749635e-04 0.00000000e+00
 1.84677190e-01 2.28749635e-04 2.28749635e-04 1.84905939e-01
 4.57499269e-04 4.57499269e-04 1.84905939e-01 2.93511782e-01
 2.28749635e-04 4.57499269e-04 2.28749635e-04 4.57499269e-04
 1.84905939e-01 1.84905939e-01 4.57499269e-04 2.28749635e-04
 2.28749635e-04 1.84905939e-01 1.84905939e-01 2.28749635e-04
 2.28749635e-04 4.57499269e-04 4.57499269e-04 4.78188971e-01
 0.00000000e+00 2.28749635e-04 2.28749635e-04 1.84677190e-01
 2.93740531e-01 4.57499269e-04 2.28749635e-04 2.28749635e-04
 2.93740531e-01 1.84905939e-01 4.57499269e-04 4.57499269e-04
 2.28749635e-04 0.00000000e+00 4.57499269e-04 2.28749635e-04
 4.57499269e-04 4.57499269e-04 1.84677190e-01 2.93511782e-01
 2.28749635e-04 4.57499269e-04 2.93511782e-01 4.57499269e-04
 4.57499269e-04 0.00000000e+00 4.57499269e-04 4.57499269e-04
 1.84905939e-01 2.28749635e-04 4.57499269e-04 4.57499269e-04
 2.28749635e-04 4.57499269e-04 4.57499269e-04 2.28749635e-04
 1.84905939e-01 2.28749635e-04 1.84905939e-01 2.28749635e-04
 4.57499269e-04 1.84677190e-01 2.28749635e-04 4.57499269e-04
 4.57499269e-04 4.57499269e-04 1.84677190e-01 4.57499269e-04
 1.84677190e-01 4.57499269e-04 1.84677190e-01 1.84905939e-01
 2.28749635e-04 2.28749635e-04 2.28749635e-04 2.28749635e-04
 4.57499269e-04 2.93740531e-01 2.28749635e-04 4.57499269e-04
 2.28749635e-04 4.78188971e-01 2.93740531e-01 2.28749635e-04
 4.57499269e-04 1.84905939e-01 1.84905939e-01 2.28749635e-04]",0.0,0.075027399149652,0.11780677199105723,0,100,0.0,1.4000000000000001,100,[],"[2.0, 3.0, 4.0, 1.0, 4.0, 2.0, 1.0, 2.0, 1.0, 3.0, 1.0, 2.0, 4.0, 4.0, 2.0, 1.0, 3.0, 4.0, 3.0, 4.0, 2.0, 2.0, 4.0, 3.0, 3.0, 2.0, 2.0, 1.0, 1.0, 4.0, 4.0, 2.0, 2.0, 3.0, 3.0, 1.0, 2.0, 4.0, 1.0, 3.0, 2.0, 2.0, 4.0, 4.0, 1.0, 2.0, 4.0, 3.0, 4.0, 4.0, 3.0, 1.0, 3.0, 4.0, 1.0, 4.0, 4.0, 2.0, 4.0, 4.0, 2.0, 3.0, 4.0, 4.0, 3.0, 4.0, 4.0, 1.0, 2.0, 3.0, 2.0, 1.0, 4.0, 3.0, 3.0, 4.0, 4.0, 4.0, 3.0, 4.0, 1.0, 4.0, 3.0, 2.0, 3.0, 3.0, 1.0, 1.0, 4.0, 2.0, 3.0, 4.0, 1.0, 2.0, 2.0, 3.0, 4.0, 2.0, 2.0, 1.0]",1.0,2.7,1.1180339887498947,"[0.0, 1.0, 0.0, 1.0, 0.0, 0.0, 1.0, 2.0, 1.0, 1.0, 1.0, 0.0, 0.0, 0.0, 0.0, 1.0, 1.0, 0.0, 1.0, 0.0, 0.0, 0.0, 0.0, 1.0, 1.0, 0.0, 0.0, 1.0, 1.0, 0.0, 0.0, 0.0, 2.0, 1.0, 1.0, 1.0, 0.0, 0.0, 1.0, 1.0, 0.0, 0.0, 0.0, 0.0, 1.0, 2.0, 0.0, 1.0, 0.0, 0.0, 1.0, 1.0, 1.0, 0.0, 1.0, 0.0, 0.0, 2.0, 0.0, 0.0, 0.0, 1.0, 0.0, 0.0, 1.0, 0.0, 0.0, 1.0, 0.0, 1.0, 0.0, 1.0, 0.0, 1.0, 1.0, 0.0, 0.0, 0.0, 1.0, 0.0, 1.0, 0.0, 1.0, 0.0, 1.0, 1.0, 1.0, 1.0, 0.0, 0.0, 1.0, 0.0, 1.0, 0.0, 0.0, 1.0, 0.0, 0.0, 0.0, 1.0]",0.0,0.5,0.5744562646538028
0,12bf14f3-b713-42a5-bfea-10904bca6f12,5891609e-611e-44f6-86ae-1959537e6434,fa081d9a-0eb4-4293-9c6a-f1e19295bb14,2022-03-15 03:52:53.211136,"[-1.24361945 -1.49968244 -1.49968244 -1.31234122 -1.31234122 -1.18430973
 -1.49968244 -1.31234122 -1.49968244 -1.31234122 -1.49968244 -1.31234122
 -1.49968244 -1.49968244 -1.37165094 -1.49968244 -1.125      -1.18430973
 -1.37165094 -1.16807392 -1.31234122 -1.18430973 -1.37165094 -1.49968244
 -1.125      -1.31234122 -1.31234122 -1.49968244 -1.31234122 -1.18430973
 -1.31234122 -1.10876419 -1.49968244 -1.29610541 -1.125      -1.29610541
 -1.49968244 -1.37165094 -1.49968244 -1.49968244 -1.49968244 -1.49968244
 -1.49968244 -1.49968244 -1.49968244 -1.16807392 -1.37165094 -1.31234122
 -1.31234122 -1.37165094 -1.31234122 -1.37165094 -1.37165094 -1.49968244
 -1.49968244 -1.49968244 -1.18430973 -1.18430973 -1.49968244 -1.49968244
 -1.37165094 -1.49968244 -1.49968244 -1.16807392 -1.18430973 -1.31234122
 -1.37165094 -1.49968244 -1.49968244 -1.49968244 -1.31234122 -1.31234122
 -1.49968244 -1.49968244 -1.31234122 -1.49968244 -1.29610541 -1.37165094
 -1.31234122 -1.125      -1.31234122 -1.37165094 -1.49968244 -1.49968244
 -1.31234122 -1.49968244 -1.49968244 -1.49968244 -1.10876419 -1.37165094
 -1.37165094 -1.125      -1.49968244 -1.37165094 -1.29610541 -1.49968244
 -1.31234122 -1.49968244 -1.18430973 -1.49968244]",-1.4996824352957976,-1.3687017860972892,0.12774204118908788,"[3.69354379e-01 4.57499269e-04 4.57499269e-04 2.28749635e-04
 2.28749635e-04 1.84677190e-01 4.57499269e-04 2.28749635e-04
 4.57499269e-04 2.28749635e-04 4.57499269e-04 2.28749635e-04
 4.57499269e-04 4.57499269e-04 1.84905939e-01 4.57499269e-04
 0.00000000e+00 1.84677190e-01 1.84905939e-01 4.78188971e-01
 2.28749635e-04 1.84677190e-01 1.84905939e-01 4.57499269e-04
 0.00000000e+00 2.28749635e-04 2.28749635e-04 4.57499269e-04
 2.28749635e-04 1.84677190e-01 2.28749635e-04 2.93511782e-01
 4.57499269e-04 2.93740531e-01 0.00000000e+00 2.93740531e-01
 4.57499269e-04 1.84905939e-01 4.57499269e-04 4.57499269e-04
 4.57499269e-04 4.57499269e-04 4.57499269e-04 4.57499269e-04
 4.57499269e-04 4.78188971e-01 1.84905939e-01 2.28749635e-04
 2.28749635e-04 1.84905939e-01 2.28749635e-04 1.84905939e-01
 1.84905939e-01 4.57499269e-04 4.57499269e-04 4.57499269e-04
 1.84677190e-01 1.84677190e-01 4.57499269e-04 4.57499269e-04
 1.84905939e-01 4.57499269e-04 4.57499269e-04 4.78188971e-01
 1.84677190e-01 2.28749635e-04 1.84905939e-01 4.57499269e-04
 4.57499269e-04 4.57499269e-04 2.28749635e-04 2.28749635e-04
 4.57499269e-04 4.57499269e-04 2.28749635e-04 4.57499269e-04
 2.93740531e-01 1.84905939e-01 2.28749635e-04 0.00000000e+00
 2.28749635e-04 1.84905939e-01 4.57499269e-04 4.57499269e-04
 2.28749635e-04 4.57499269e-04 4.57499269e-04 4.57499269e-04
 2.93511782e-01 1.84905939e-01 1.84905939e-01 0.00000000e+00
 4.57499269e-04 1.84905939e-01 2.93740531e-01 4.57499269e-04
 2.28749635e-04 4.57499269e-04 1.84677190e-01 4.57499269e-04]",0.0,0.07840474797192865,0.12291569079172451,0,100,0.0,1.5,100,[],"[4.0, 4.0, 4.0, 1.0, 3.0, 3.0, 4.0, 1.0, 4.0, 1.0, 4.0, 3.0, 4.0, 4.0, 2.0, 4.0, 2.0, 3.0, 2.0, 2.0, 1.0, 3.0, 2.0, 4.0, 4.0, 1.0, 3.0, 4.0, 1.0, 1.0, 3.0, 3.0, 4.0, 2.0, 2.0, 2.0, 4.0, 2.0, 4.0, 4.0, 4.0, 4.0, 4.0, 4.0, 4.0, 2.0, 2.0, 1.0, 3.0, 2.0, 3.0, 2.0, 2.0, 4.0, 4.0, 4.0, 1.0, 1.0, 4.0, 4.0, 2.0, 4.0, 4.0, 2.0, 3.0, 1.0, 2.0, 4.0, 4.0, 4.0, 3.0, 3.0, 4.0, 4.0, 1.0, 4.0, 2.0, 2.0, 1.0, 2.0, 3.0, 2.0, 4.0, 4.0, 1.0, 4.0, 4.0, 4.0, 3.0, 2.0, 2.0, 4.0, 4.0, 2.0, 2.0, 4.0, 3.0, 4.0, 1.0, 4.0]",1.0,2.89,1.1304423912787418,"[0.0, 0.0, 0.0, 1.0, 1.0, 1.0, 0.0, 1.0, 0.0, 1.0, 0.0, 1.0, 0.0, 0.0, 0.0, 0.0, 2.0, 1.0, 0.0, 0.0, 1.0, 1.0, 0.0, 0.0, 2.0, 1.0, 1.0, 0.0, 1.0, 1.0, 1.0, 1.0, 0.0, 0.0, 2.0, 0.0, 0.0, 0.0, 0.0, 0.0, 0.0, 0.0, 0.0, 0.0, 0.0, 0.0, 0.0, 1.0, 1.0, 0.0, 1.0, 0.0, 0.0, 0.0, 0.0, 0.0, 1.0, 1.0, 0.0, 0.0, 0.0, 0.0, 0.0, 0.0, 1.0, 1.0, 0.0, 0.0, 0.0, 0.0, 1.0, 1.0, 0.0, 0.0, 1.0, 0.0, 0.0, 0.0, 1.0, 2.0, 1.0, 0.0, 0.0, 0.0, 1.0, 0.0, 0.0, 0.0, 1.0, 0.0, 0.0, 2.0, 0.0, 0.0, 0.0, 0.0, 1.0, 0.0, 1.0, 0.0]",0.0,0.41,0.5847221562417488
0,f34c2853-4894-40ce-b1ca-d16386f8846e,5891609e-611e-44f6-86ae-1959537e6434,fa081d9a-0eb4-4293-9c6a-f1e19295bb14,2022-03-15 03:52:54.538032,"[-1.19626419 -1.59968244 -1.47165094 -1.39984122 -1.39984122 -1.39984122
 -1.27180973 -1.39984122 -1.39984122 -1.59968244 -1.59968244 -1.18012403
 -1.59968244 -1.59968244 -1.59968244 -1.39610541 -1.59968244 -1.59968244
 -1.59968244 -1.19626419 -1.59968244 -1.59968244 -1.34361945 -1.59968244
 -1.39984122 -1.39610541 -1.39984122 -1.26807392 -1.05209253 -1.39610541
 -1.47165094 -1.39984122 -1.39984122 -1.47165094 -1.27180973 -1.39984122
 -1.59968244 -1.39984122 -1.39984122 -1.39984122 -1.39984122 -1.59968244
 -1.59968244 -1.59968244 -1.59968244 -1.39984122 -1.59968244 -1.59968244
 -1.39984122 -1.39984122 -1.59968244 -1.39984122 -1.59968244 -1.59968244
 -1.59968244 -1.59968244 -1.47165094 -1.59968244 -1.47165094 -1.39984122
 -1.59968244 -1.39610541 -0.98028281 -1.39984122 -1.47165094 -1.39984122
 -1.47165094 -1.47165094 -1.59968244 -1.59968244 -1.19626419 -1.59968244
 -1.59968244 -1.59968244 -1.59968244 -1.18012403 -1.39984122 -1.47165094
 -1.39984122 -1.59968244 -1.59968244 -1.39984122 -1.59968244 -1.59968244
 -1.59968244 -1.18012403 -1.39984122 -1.59968244 -1.39984122 -1.39984122
 -1.39984122 -1.27180973 -1.2        -1.39984122 -1.59968244 -1.34361945
 -1.39984122 -1.39984122 -1.59968244 -1.39984122]",-1.5996824352957977,-1.4574377851666802,0.14110644321349453,"[2.93511782e-01 4.57499269e-04 1.84905939e-01 2.28749635e-04
 2.28749635e-04 2.28749635e-04 1.84677190e-01 2.28749635e-04
 2.28749635e-04 4.57499269e-04 4.57499269e-04 6.04893895e-01
 4.57499269e-04 4.57499269e-04 4.57499269e-04 2.93740531e-01
 4.57499269e-04 4.57499269e-04 4.57499269e-04 2.93511782e-01
 4.57499269e-04 4.57499269e-04 3.69354379e-01 4.57499269e-04
 2.28749635e-04 2.93740531e-01 2.28749635e-04 4.78188971e-01
 7.89342335e-01 2.93740531e-01 1.84905939e-01 2.28749635e-04
 2.28749635e-04 1.84905939e-01 1.84677190e-01 2.28749635e-04
 4.57499269e-04 2.28749635e-04 2.28749635e-04 2.28749635e-04
 2.28749635e-04 4.57499269e-04 4.57499269e-04 4.57499269e-04
 4.57499269e-04 2.28749635e-04 4.57499269e-04 4.57499269e-04
 2.28749635e-04 2.28749635e-04 4.57499269e-04 2.28749635e-04
 4.57499269e-04 4.57499269e-04 4.57499269e-04 4.57499269e-04
 1.84905939e-01 4.57499269e-04 1.84905939e-01 2.28749635e-04
 4.57499269e-04 2.93740531e-01 6.04665145e-01 2.28749635e-04
 1.84905939e-01 2.28749635e-04 1.84905939e-01 1.84905939e-01
 4.57499269e-04 4.57499269e-04 2.93511782e-01 4.57499269e-04
 4.57499269e-04 4.57499269e-04 4.57499269e-04 6.04893895e-01
 2.28749635e-04 1.84905939e-01 2.28749635e-04 4.57499269e-04
 4.57499269e-04 2.28749635e-04 4.57499269e-04 4.57499269e-04
 4.57499269e-04 6.04893895e-01 2.28749635e-04 4.57499269e-04
 2.28749635e-04 2.28749635e-04 2.28749635e-04 1.84677190e-01
 0.00000000e+00 2.28749635e-04 4.57499269e-04 3.69354379e-01
 2.28749635e-04 2.28749635e-04 4.57499269e-04 2.28749635e-04]",0.0,0.08724889344309218,0.16853084558181616,3,100,0.0,1.6,100,"[0.6048938948983693, 0.6048938948983693, 0.6048938948983693]",0.6048938948983693,0.6048938948983693,0.0,0.6048938948983693,"[1.0, 4.0, 2.0, 3.0, 3.0, 1.0, 3.0, 3.0, 1.0, 4.0, 4.0, 0.0, 4.0, 4.0, 4.0, 2.0, 4.0, 4.0, 4.0, 3.0, 4.0, 4.0, 4.0, 4.0, 1.0, 2.0, 1.0, 2.0, 2.0, 2.0, 2.0, 1.0, 1.0, 2.0, 3.0, 3.0, 4.0, 3.0, 3.0, 1.0, 1.0, 4.0, 4.0, 4.0, 4.0, 1.0, 4.0, 4.0, 1.0, 1.0, 4.0, 1.0, 4.0, 4.0, 4.0, 4.0, 2.0, 4.0, 2.0, 3.0, 4.0, 2.0, 1.0, 1.0, 2.0, 3.0, 2.0, 2.0, 4.0, 4.0, 3.0, 4.0, 4.0, 4.0, 4.0, 0.0, 1.0, 2.0, 3.0, 4.0, 4.0, 1.0, 4.0, 4.0, 4.0, 0.0, 1.0, 4.0, 3.0, 3.0, 1.0, 3.0, 2.0, 1.0, 4.0, 4.0, 1.0, 1.0, 4.0, 1.0]",0.0,2.71,1.2984221193433205,"[1.0, 0.0, 0.0, 1.0, 1.0, 1.0, 1.0, 1.0, 1.0, 0.0, 0.0, 0.0, 0.0, 0.0, 0.0, 0.0, 0.0, 0.0, 0.0, 1.0, 0.0, 0.0, 0.0, 0.0, 1.0, 0.0, 1.0, 0.0, 0.0, 0.0, 0.0, 1.0, 1.0, 0.0, 1.0, 1.0, 0.0, 1.0, 1.0, 1.0, 1.0, 0.0, 0.0, 0.0, 0.0, 1.0, 0.0, 0.0, 1.0, 1.0, 0.0, 1.0, 0.0, 0.0, 0.0, 0.0, 0.0, 0.0, 0.0, 1.0, 0.0, 0.0, 1.0, 1.0, 0.0, 1.0, 0.0, 0.0, 0.0, 0.0, 1.0, 0.0, 0.0, 0.0, 0.0, 0.0, 1.0, 0.0, 1.0, 0.0, 0.0, 1.0, 0.0, 0.0, 0.0, 0.0, 1.0, 0.0, 1.0, 1.0, 1.0, 1.0, 2.0, 1.0, 0.0, 0.0, 1.0, 1.0, 0.0, 1.0]",0.0,0.41,0.5117616632769594
0,ad666e42-57f1-46c0-8bd7-46cd95081a0e,5891609e-611e-44f6-86ae-1959537e6434,fa081d9a-0eb4-4293-9c6a-f1e19295bb14,2022-03-15 03:52:55.342816,"[-1.35930973 -1.69968244 -1.35930973 -1.69968244 -1.275      -1.69968244
 -1.69968244 -1.48734122 -1.57165094 -1.48734122 -1.48734122 -1.48734122
 -1.48734122 -1.15209253 -1.48734122 -1.49610541 -1.35930973 -1.69968244
 -1.44361945 -1.35930973 -1.49610541 -1.28012403 -1.57165094 -1.48734122
 -1.57165094 -1.48734122 -1.36807392 -1.69968244 -1.57165094 -1.35930973
 -1.57165094 -1.69968244 -1.57165094 -1.69968244 -1.48734122 -1.49610541
 -1.57165094 -1.69968244 -1.275      -1.48734122 -1.49610541 -1.69968244
 -1.57165094 -1.275      -1.48734122 -1.35930973 -1.69968244 -1.48734122
 -1.275      -1.49610541 -1.69968244 -1.06778281 -1.69968244 -1.48734122
 -1.275      -1.69968244 -1.275      -1.36807392 -1.48734122 -1.48734122
 -1.48734122 -1.69968244 -1.49610541 -1.28376419 -1.28376419 -1.35930973
 -1.57165094 -1.57165094 -1.57165094 -1.48734122 -1.69968244 -1.69968244
 -1.48734122 -1.69968244 -1.69968244 -1.69968244 -1.35930973 -1.48734122
 -1.69968244 -1.28376419 -1.57165094 -1.275      -1.275      -1.48734122
 -1.275      -1.57165094 -1.48734122 -1.69968244 -1.44361945 -1.48734122
 -1.48734122 -1.35930973 -1.57165094 -1.28376419 -1.29252839 -1.275
 -1.69968244 -1.57165094 -1.275      -1.44361945]",-1.6996824352957978,-1.49106318890122,0.15347688874794432,"[1.84677190e-01 4.57499269e-04 1.84677190e-01 4.57499269e-04
 0.00000000e+00 4.57499269e-04 4.57499269e-04 2.28749635e-04
 1.84905939e-01 2.28749635e-04 2.28749635e-04 2.28749635e-04
 2.28749635e-04 7.89342335e-01 2.28749635e-04 2.93740531e-01
 1.84677190e-01 4.57499269e-04 3.69354379e-01 1.84677190e-01
 2.93740531e-01 6.04893895e-01 1.84905939e-01 2.28749635e-04
 1.84905939e-01 2.28749635e-04 4.78188971e-01 4.57499269e-04
 1.84905939e-01 1.84677190e-01 1.84905939e-01 4.57499269e-04
 1.84905939e-01 4.57499269e-04 2.28749635e-04 2.93740531e-01
 1.84905939e-01 4.57499269e-04 0.00000000e+00 2.28749635e-04
 2.93740531e-01 4.57499269e-04 1.84905939e-01 0.00000000e+00
 2.28749635e-04 1.84677190e-01 4.57499269e-04 2.28749635e-04
 0.00000000e+00 2.93740531e-01 4.57499269e-04 6.04665145e-01
 4.57499269e-04 2.28749635e-04 0.00000000e+00 4.57499269e-04
 0.00000000e+00 4.78188971e-01 2.28749635e-04 2.28749635e-04
 2.28749635e-04 4.57499269e-04 2.93740531e-01 2.93511782e-01
 2.93511782e-01 1.84677190e-01 1.84905939e-01 1.84905939e-01
 1.84905939e-01 2.28749635e-04 4.57499269e-04 4.57499269e-04
 2.28749635e-04 4.57499269e-04 4.57499269e-04 4.57499269e-04
 1.84677190e-01 2.28749635e-04 4.57499269e-04 2.93511782e-01
 1.84905939e-01 0.00000000e+00 0.00000000e+00 2.28749635e-04
 0.00000000e+00 1.84905939e-01 2.28749635e-04 4.57499269e-04
 3.69354379e-01 2.28749635e-04 2.28749635e-04 1.84677190e-01
 1.84905939e-01 2.93511782e-01 5.87023563e-01 0.00000000e+00
 4.57499269e-04 1.84905939e-01 0.00000000e+00 3.69354379e-01]",0.0,0.12038323850167626,0.16729217693011453,1,100,0.0,1.7000000000000002,100,[0.6048938948983693],0.6048938948983693,0.6048938948983693,0.0,0.6048938948983693,"[3.0, 4.0, 1.0, 4.0, 2.0, 4.0, 4.0, 3.0, 2.0, 3.0, 3.0, 1.0, 1.0, 2.0, 1.0, 2.0, 3.0, 4.0, 4.0, 1.0, 2.0, 0.0, 2.0, 1.0, 2.0, 1.0, 2.0, 4.0, 2.0, 3.0, 2.0, 4.0, 2.0, 4.0, 1.0, 2.0, 2.0, 4.0, 4.0, 1.0, 2.0, 4.0, 2.0, 2.0, 1.0, 3.0, 4.0, 1.0, 2.0, 2.0, 4.0, 3.0, 4.0, 3.0, 2.0, 4.0, 2.0, 2.0, 1.0, 1.0, 3.0, 4.0, 2.0, 1.0, 1.0, 1.0, 2.0, 2.0, 2.0, 1.0, 4.0, 4.0, 3.0, 4.0, 4.0, 4.0, 1.0, 3.0, 4.0, 1.0, 2.0, 4.0, 4.0, 3.0, 4.0, 2.0, 1.0, 4.0, 4.0, 1.0, 1.0, 3.0, 2.0, 3.0, 4.0, 2.0, 4.0, 2.0, 2.0, 4.0]",0.0,2.53,1.1700854669638454,"[1.0, 0.0, 1.0, 0.0, 2.0, 0.0, 0.0, 1.0, 0.0, 1.0, 1.0, 1.0, 1.0, 0.0, 1.0, 0.0, 1.0, 0.0, 0.0, 1.0, 0.0, 0.0, 0.0, 1.0, 0.0, 1.0, 0.0, 0.0, 0.0, 1.0, 0.0, 0.0, 0.0, 0.0, 1.0, 0.0, 0.0, 0.0, 2.0, 1.0, 0.0, 0.0, 0.0, 2.0, 1.0, 1.0, 0.0, 1.0, 2.0, 0.0, 0.0, 1.0, 0.0, 1.0, 2.0, 0.0, 2.0, 0.0, 1.0, 1.0, 1.0, 0.0, 0.0, 1.0, 1.0, 1.0, 0.0, 0.0, 0.0, 1.0, 0.0, 0.0, 1.0, 0.0, 0.0, 0.0, 1.0, 1.0, 0.0, 1.0, 0.0, 2.0, 2.0, 1.0, 2.0, 0.0, 1.0, 0.0, 0.0, 1.0, 1.0, 1.0, 0.0, 1.0, 0.0, 2.0, 0.0, 0.0, 2.0, 0.0]",0.0,0.59,0.6796322535018479
0,a7a3809d-a896-4cea-9d85-dd1be7ded8aa,5891609e-611e-44f6-86ae-1959537e6434,fa081d9a-0eb4-4293-9c6a-f1e19295bb14,2022-03-15 03:52:56.245091,"[-1.79968244 -1.67165094 -1.79968244 -1.67165094 -1.57484122 -1.38012403
 -1.79968244 -1.79968244 -1.59610541 -1.57484122 -1.67165094 -1.79968244
 -1.67165094 -1.25209253 -1.79968244 -1.57484122 -1.79968244 -1.67165094
 -1.37126419 -1.39252839 -1.44680973 -1.67165094 -1.54361945 -1.57484122
 -1.35       -1.79968244 -1.37126419 -1.59610541 -1.54361945 -1.67165094
 -1.79968244 -1.67165094 -1.44680973 -1.79968244 -1.57484122 -1.57484122
 -1.37126419 -1.57484122 -1.57484122 -1.79968244 -1.67165094 -1.67165094
 -1.46807392 -1.67165094 -1.67165094 -1.79968244 -1.67165094 -1.67165094
 -1.79968244 -1.67165094 -1.79968244 -1.67165094 -1.57484122 -1.79968244
 -1.57484122 -1.79968244 -1.67165094 -1.67165094 -1.67165094 -1.54361945
 -1.79968244 -1.35       -1.35       -1.57484122 -1.57484122 -1.59610541
 -1.44680973 -1.57484122 -1.57484122 -1.79968244 -1.67165094 -1.79968244
 -1.44680973 -1.79968244 -1.79968244 -1.79968244 -1.59610541 -1.79968244
 -1.79968244 -1.39252839 -1.44680973 -1.67165094 -1.57484122 -1.59610541
 -1.35       -1.57484122 -1.46807392 -1.35       -1.67165094 -1.59610541
 -1.79968244 -1.57484122 -1.67165094 -1.79968244 -1.79968244 -1.79968244
 -1.59610541 -1.35       -1.79968244 -1.79968244]",-1.7996824352957976,-1.6281560407058935,0.14815454950065357,"[4.57499269e-04 1.84905939e-01 4.57499269e-04 1.84905939e-01
 2.28749635e-04 6.04893895e-01 4.57499269e-04 4.57499269e-04
 2.93740531e-01 2.28749635e-04 1.84905939e-01 4.57499269e-04
 1.84905939e-01 7.89342335e-01 4.57499269e-04 2.28749635e-04
 4.57499269e-04 1.84905939e-01 2.93511782e-01 5.87023563e-01
 1.84677190e-01 1.84905939e-01 3.69354379e-01 2.28749635e-04
 0.00000000e+00 4.57499269e-04 2.93511782e-01 2.93740531e-01
 3.69354379e-01 1.84905939e-01 4.57499269e-04 1.84905939e-01
 1.84677190e-01 4.57499269e-04 2.28749635e-04 2.28749635e-04
 2.93511782e-01 2.28749635e-04 2.28749635e-04 4.57499269e-04
 1.84905939e-01 1.84905939e-01 4.78188971e-01 1.84905939e-01
 1.84905939e-01 4.57499269e-04 1.84905939e-01 1.84905939e-01
 4.57499269e-04 1.84905939e-01 4.57499269e-04 1.84905939e-01
 2.28749635e-04 4.57499269e-04 2.28749635e-04 4.57499269e-04
 1.84905939e-01 1.84905939e-01 1.84905939e-01 3.69354379e-01
 4.57499269e-04 0.00000000e+00 0.00000000e+00 2.28749635e-04
 2.28749635e-04 2.93740531e-01 1.84677190e-01 2.28749635e-04
 2.28749635e-04 4.57499269e-04 1.84905939e-01 4.57499269e-04
 1.84677190e-01 4.57499269e-04 4.57499269e-04 4.57499269e-04
 2.93740531e-01 4.57499269e-04 4.57499269e-04 5.87023563e-01
 1.84677190e-01 1.84905939e-01 2.28749635e-04 2.93740531e-01
 0.00000000e+00 2.28749635e-04 4.78188971e-01 0.00000000e+00
 1.84905939e-01 2.93740531e-01 4.57499269e-04 2.28749635e-04
 1.84905939e-01 4.57499269e-04 4.57499269e-04 4.57499269e-04
 2.93740531e-01 0.00000000e+00 4.57499269e-04 4.57499269e-04]",0.0,0.12763279770112512,0.1653807049438065,1,100,0.0,1.8,100,[0.6048938948983693],0.6048938948983693,0.6048938948983693,0.0,0.6048938948983693,"[4.0, 2.0, 4.0, 2.0, 3.0, 0.0, 4.0, 4.0, 2.0, 1.0, 2.0, 4.0, 2.0, 2.0, 4.0, 1.0, 4.0, 2.0, 3.0, 4.0, 1.0, 2.0, 4.0, 1.0, 2.0, 4.0, 1.0, 2.0, 4.0, 2.0, 4.0, 2.0, 1.0, 4.0, 3.0, 1.0, 3.0, 3.0, 3.0, 4.0, 2.0, 2.0, 2.0, 2.0, 2.0, 4.0, 2.0, 2.0, 4.0, 2.0, 4.0, 2.0, 3.0, 4.0, 1.0, 4.0, 2.0, 2.0, 2.0, 4.0, 4.0, 2.0, 2.0, 3.0, 1.0, 2.0, 1.0, 3.0, 1.0, 4.0, 2.0, 4.0, 3.0, 4.0, 4.0, 4.0, 2.0, 4.0, 4.0, 4.0, 1.0, 2.0, 3.0, 2.0, 4.0, 1.0, 2.0, 2.0, 2.0, 2.0, 4.0, 3.0, 2.0, 4.0, 4.0, 4.0, 2.0, 4.0, 4.0, 4.0]",0.0,2.71,1.1251222155837115,"[0.0, 0.0, 0.0, 0.0, 1.0, 0.0, 0.0, 0.0, 0.0, 1.0, 0.0, 0.0, 0.0, 0.0, 0.0, 1.0, 0.0, 0.0, 1.0, 0.0, 1.0, 0.0, 0.0, 1.0, 2.0, 0.0, 1.0, 0.0, 0.0, 0.0, 0.0, 0.0, 1.0, 0.0, 1.0, 1.0, 1.0, 1.0, 1.0, 0.0, 0.0, 0.0, 0.0, 0.0, 0.0, 0.0, 0.0, 0.0, 0.0, 0.0, 0.0, 0.0, 1.0, 0.0, 1.0, 0.0, 0.0, 0.0, 0.0, 0.0, 0.0, 2.0, 2.0, 1.0, 1.0, 0.0, 1.0, 1.0, 1.0, 0.0, 0.0, 0.0, 1.0, 0.0, 0.0, 0.0, 0.0, 0.0, 0.0, 0.0, 1.0, 0.0, 1.0, 0.0, 2.0, 1.0, 0.0, 2.0, 0.0, 0.0, 0.0, 1.0, 0.0, 0.0, 0.0, 0.0, 0.0, 2.0, 0.0, 0.0]",0.0,0.37,0.5942221806698231
0,ae77b5bc-9359-43a6-b9e9-4b42b36b2389,5891609e-611e-44f6-86ae-1959537e6434,fa081d9a-0eb4-4293-9c6a-f1e19295bb14,2022-03-15 03:52:56.761345,"[-1.35209253 -1.89968244 -1.66234122 -1.66234122 -1.77165094 -1.425
 -1.69610541 -1.66234122 -1.77165094 -1.89968244 -1.66234122 -1.77165094
 -1.77165094 -1.69610541 -1.66234122 -1.89968244 -1.66234122 -1.89968244
 -1.69610541 -1.66234122 -1.53430973 -1.45876419 -1.64361945 -1.77165094
 -1.77165094 -1.89968244 -1.89968244 -1.77165094 -1.89968244 -1.66234122
 -1.77165094 -1.66234122 -1.69610541 -1.35209253 -1.53430973 -1.69610541
 -1.56807392 -1.66234122 -1.89968244 -1.77165094 -1.89968244 -1.53430973
 -1.53430973 -1.66234122 -1.48012403 -1.89968244 -1.66234122 -1.77165094
 -1.77165094 -1.66234122 -1.425      -1.45876419 -1.66234122 -1.66234122
 -1.89968244 -1.66234122 -1.66234122 -1.56807392 -1.89968244 -1.66234122
 -1.53430973 -1.77165094 -1.32090491 -1.66234122 -1.66234122 -1.66234122
 -1.66234122 -1.64361945 -1.89968244 -1.77165094 -1.45876419 -1.89968244
 -1.89968244 -1.89968244 -1.45876419 -1.66234122 -1.64361945 -1.77165094
 -1.53430973 -1.89968244 -1.77165094 -1.56807392 -1.89968244 -1.425
 -1.66234122 -1.69610541 -1.69610541 -1.35209253 -1.89968244 -1.66234122
 -1.425      -1.66234122 -1.77165094 -1.45876419 -1.66234122 -1.425
 -1.66234122 -1.53430973 -1.66234122 -1.77165094]",-1.8996824352957975,-1.6794404119444217,0.1523819674869312,"[7.89342335e-01 4.57499269e-04 2.28749635e-04 2.28749635e-04
 1.84905939e-01 0.00000000e+00 2.93740531e-01 2.28749635e-04
 1.84905939e-01 4.57499269e-04 2.28749635e-04 1.84905939e-01
 1.84905939e-01 2.93740531e-01 2.28749635e-04 4.57499269e-04
 2.28749635e-04 4.57499269e-04 2.93740531e-01 2.28749635e-04
 1.84677190e-01 2.93511782e-01 3.69354379e-01 1.84905939e-01
 1.84905939e-01 4.57499269e-04 4.57499269e-04 1.84905939e-01
 4.57499269e-04 2.28749635e-04 1.84905939e-01 2.28749635e-04
 2.93740531e-01 7.89342335e-01 1.84677190e-01 2.93740531e-01
 4.78188971e-01 2.28749635e-04 4.57499269e-04 1.84905939e-01
 4.57499269e-04 1.84677190e-01 1.84677190e-01 2.28749635e-04
 6.04893895e-01 4.57499269e-04 2.28749635e-04 1.84905939e-01
 1.84905939e-01 2.28749635e-04 0.00000000e+00 2.93511782e-01
 2.28749635e-04 2.28749635e-04 4.57499269e-04 2.28749635e-04
 2.28749635e-04 4.78188971e-01 4.57499269e-04 2.28749635e-04
 1.84677190e-01 1.84905939e-01 8.34272759e-01 2.28749635e-04
 2.28749635e-04 2.28749635e-04 2.28749635e-04 3.69354379e-01
 4.57499269e-04 1.84905939e-01 2.93511782e-01 4.57499269e-04
 4.57499269e-04 4.57499269e-04 2.93511782e-01 2.28749635e-04
 3.69354379e-01 1.84905939e-01 1.84677190e-01 4.57499269e-04
 1.84905939e-01 4.78188971e-01 4.57499269e-04 0.00000000e+00
 2.28749635e-04 2.93740531e-01 2.93740531e-01 7.89342335e-01
 4.57499269e-04 2.28749635e-04 0.00000000e+00 2.28749635e-04
 1.84905939e-01 2.93511782e-01 2.28749635e-04 0.00000000e+00
 2.28749635e-04 1.84677190e-01 2.28749635e-04 1.84905939e-01]",0.0,0.1432503385435285,0.19567822322540507,1,100,0.0,1.9000000000000001,100,[0.6048938948983693],0.6048938948983693,0.6048938948983693,0.0,0.6048938948983693,"[2.0, 4.0, 3.0, 3.0, 2.0, 2.0, 2.0, 1.0, 2.0, 4.0, 1.0, 2.0, 2.0, 2.0, 1.0, 4.0, 1.0, 4.0, 2.0, 3.0, 3.0, 1.0, 4.0, 2.0, 2.0, 4.0, 4.0, 2.0, 4.0, 1.0, 2.0, 1.0, 2.0, 2.0, 3.0, 2.0, 2.0, 3.0, 4.0, 2.0, 4.0, 1.0, 1.0, 1.0, 0.0, 4.0, 1.0, 2.0, 2.0, 3.0, 2.0, 3.0, 1.0, 1.0, 4.0, 1.0, 1.0, 2.0, 4.0, 3.0, 1.0, 2.0, 2.0, 3.0, 3.0, 1.0, 3.0, 4.0, 4.0, 2.0, 3.0, 4.0, 4.0, 4.0, 3.0, 3.0, 4.0, 2.0, 1.0, 4.0, 2.0, 2.0, 4.0, 2.0, 3.0, 2.0, 2.0, 2.0, 4.0, 1.0, 2.0, 3.0, 2.0, 1.0, 1.0, 4.0, 3.0, 3.0, 1.0, 2.0]",0.0,2.41,1.0963119993870358,"[0.0, 0.0, 1.0, 1.0, 0.0, 2.0, 0.0, 1.0, 0.0, 0.0, 1.0, 0.0, 0.0, 0.0, 1.0, 0.0, 1.0, 0.0, 0.0, 1.0, 1.0, 1.0, 0.0, 0.0, 0.0, 0.0, 0.0, 0.0, 0.0, 1.0, 0.0, 1.0, 0.0, 0.0, 1.0, 0.0, 0.0, 1.0, 0.0, 0.0, 0.0, 1.0, 1.0, 1.0, 0.0, 0.0, 1.0, 0.0, 0.0, 1.0, 2.0, 1.0, 1.0, 1.0, 0.0, 1.0, 1.0, 0.0, 0.0, 1.0, 1.0, 0.0, 0.0, 1.0, 1.0, 1.0, 1.0, 0.0, 0.0, 0.0, 1.0, 0.0, 0.0, 0.0, 1.0, 1.0, 0.0, 0.0, 1.0, 0.0, 0.0, 0.0, 0.0, 2.0, 1.0, 0.0, 0.0, 0.0, 0.0, 1.0, 2.0, 1.0, 0.0, 1.0, 1.0, 2.0, 1.0, 1.0, 1.0, 0.0]",0.0,0.51,0.5915234568468101
0,40385c4b-7752-4b21-99ee-3fff421f972a,5891609e-611e-44f6-86ae-1959537e6434,fa081d9a-0eb4-4293-9c6a-f1e19295bb14,2022-03-15 03:52:57.824980,"[-0.14984122 -0.14984122 -0.14984122 -0.14984122 -0.14984122 -0.14984122
 -0.14984122 -0.14984122 -0.14984122 -0.14984122 -0.14984122 -0.14984122
 -0.14984122 -0.14984122 -0.14984122 -0.14984122 -0.14984122 -0.14984122
 -0.14984122 -0.14984122 -0.14984122 -0.14984122 -0.14984122 -0.14984122
 -0.14984122 -0.14984122 -0.14984122 -0.14984122 -0.14984122 -0.14984122
 -0.1        -0.14984122 -0.14984122 -0.14984122 -0.14984122 -0.14984122
 -0.14984122 -0.14984122 -0.14984122 -0.14984122 -0.14984122 -0.14984122
 -0.14984122 -0.14984122 -0.14984122 -0.1        -0.14984122 -0.14984122
 -0.14984122 -0.14984122 -0.14984122 -0.14984122 -0.14984122 -0.14984122
 -0.14984122 -0.14984122 -0.14984122 -0.1        -0.14984122 -0.14984122
 -0.14984122 -0.14984122 -0.14984122 -0.14984122 -0.14984122 -0.14984122
 -0.14984122 -0.14984122 -0.14984122 -0.14984122 -0.14984122 -0.14984122
 -0.14984122 -0.14984122 -0.14984122 -0.14984122 -0.14984122 -0.14984122
 -0.14984122 -0.14984122 -0.14984122 -0.14984122 -0.14984122 -0.14984122
 -0.14984122 -0.14984122 -0.14984122 -0.14984122 -0.14984122 -0.14984122
 -0.14984122 -0.14984122 -0.14984122 -0.14984122 -0.14984122 -0.14984122
 -0.14984122 -0.14984122 -0.14984122 -0.14984122]",-0.14984121764789876,-0.14834598111846176,0.008502274814412538,"[0.00022875 0.00022875 0.00022875 0.00022875 0.00022875 0.00022875
 0.00022875 0.00022875 0.00022875 0.00022875 0.00022875 0.00022875
 0.00022875 0.00022875 0.00022875 0.00022875 0.00022875 0.00022875
 0.00022875 0.00022875 0.00022875 0.00022875 0.00022875 0.00022875
 0.00022875 0.00022875 0.00022875 0.00022875 0.00022875 0.00022875
 0.         0.00022875 0.00022875 0.00022875 0.00022875 0.00022875
 0.00022875 0.00022875 0.00022875 0.00022875 0.00022875 0.00022875
 0.00022875 0.00022875 0.00022875 0.         0.00022875 0.00022875
 0.00022875 0.00022875 0.00022875 0.00022875 0.00022875 0.00022875
 0.00022875 0.00022875 0.00022875 0.         0.00022875 0.00022875
 0.00022875 0.00022875 0.00022875 0.00022875 0.00022875 0.00022875
 0.00022875 0.00022875 0.00022875 0.00022875 0.00022875 0.00022875
 0.00022875 0.00022875 0.00022875 0.00022875 0.00022875 0.00022875
 0.00022875 0.00022875 0.00022875 0.00022875 0.00022875 0.00022875
 0.00022875 0.00022875 0.00022875 0.00022875 0.00022875 0.00022875
 0.00022875 0.00022875 0.00022875 0.00022875 0.00022875 0.00022875
 0.00022875 0.00022875 0.00022875 0.00022875]",0.0,0.00022188714564908008,3.902176450761174e-05,0,100,0.1,0.0,100,[],"[1.0, 1.0, 1.0, 1.0, 1.0, 1.0, 1.0, 1.0, 1.0, 1.0, 1.0, 1.0, 1.0, 1.0, 1.0, 1.0, 1.0, 1.0, 1.0, 1.0, 1.0, 1.0, 1.0, 1.0, 1.0, 1.0, 1.0, 1.0, 1.0, 1.0, 2.0, 1.0, 1.0, 1.0, 1.0, 1.0, 1.0, 1.0, 1.0, 1.0, 1.0, 1.0, 1.0, 1.0, 1.0, 2.0, 1.0, 1.0, 1.0, 1.0, 1.0, 1.0, 1.0, 1.0, 1.0, 1.0, 1.0, 2.0, 1.0, 1.0, 1.0, 1.0, 1.0, 1.0, 1.0, 1.0, 1.0, 1.0, 1.0, 1.0, 1.0, 1.0, 1.0, 1.0, 1.0, 1.0, 1.0, 1.0, 1.0, 1.0, 1.0, 1.0, 1.0, 1.0, 1.0, 1.0, 1.0, 1.0, 1.0, 1.0, 1.0, 1.0, 1.0, 1.0, 1.0, 1.0, 1.0, 1.0, 1.0, 1.0]",1.0,1.03,0.17058722109231983,"[1.0, 1.0, 1.0, 1.0, 1.0, 1.0, 1.0, 1.0, 1.0, 1.0, 1.0, 1.0, 1.0, 1.0, 1.0, 1.0, 1.0, 1.0, 1.0, 1.0, 1.0, 1.0, 1.0, 1.0, 1.0, 1.0, 1.0, 1.0, 1.0, 1.0, 2.0, 1.0, 1.0, 1.0, 1.0, 1.0, 1.0, 1.0, 1.0, 1.0, 1.0, 1.0, 1.0, 1.0, 1.0, 2.0, 1.0, 1.0, 1.0, 1.0, 1.0, 1.0, 1.0, 1.0, 1.0, 1.0, 1.0, 2.0, 1.0, 1.0, 1.0, 1.0, 1.0, 1.0, 1.0, 1.0, 1.0, 1.0, 1.0, 1.0, 1.0, 1.0, 1.0, 1.0, 1.0, 1.0, 1.0, 1.0, 1.0, 1.0, 1.0, 1.0, 1.0, 1.0, 1.0, 1.0, 1.0, 1.0, 1.0, 1.0, 1.0, 1.0, 1.0, 1.0, 1.0, 1.0, 1.0, 1.0, 1.0, 1.0]",1.0,1.03,0.17058722109231983
0,79087df2-204d-426d-b835-5cb06848cee5,5891609e-611e-44f6-86ae-1959537e6434,fa081d9a-0eb4-4293-9c6a-f1e19295bb14,2022-03-15 03:52:59.024982,"[-0.23734122 -0.23734122 -0.23734122 -0.23734122 -0.23734122 -0.23734122
 -0.23734122 -0.23734122 -0.23734122 -0.23734122 -0.23734122 -0.23734122
 -0.23734122 -0.23734122 -0.23734122 -0.23734122 -0.23734122 -0.23734122
 -0.23734122 -0.23734122 -0.23734122 -0.23734122 -0.23734122 -0.23734122
 -0.23734122 -0.23734122 -0.23734122 -0.23734122 -0.23734122 -0.23734122
 -0.23734122 -0.23734122 -0.23734122 -0.23734122 -0.23734122 -0.23734122
 -0.23734122 -0.23734122 -0.23734122 -0.23734122 -0.23734122 -0.23734122
 -0.23734122 -0.23734122 -0.23734122 -0.23734122 -0.23734122 -0.23734122
 -0.23734122 -0.23734122 -0.23734122 -0.23734122 -0.23734122 -0.23734122
 -0.23734122 -0.23734122 -0.23734122 -0.23734122 -0.23734122 -0.23734122
 -0.23734122 -0.23734122 -0.23734122 -0.23734122 -0.23734122 -0.23734122
 -0.23734122 -0.23734122 -0.23734122 -0.23734122 -0.23734122 -0.23734122
 -0.23734122 -0.23734122 -0.23734122 -0.23734122 -0.23734122 -0.23734122
 -0.23734122 -0.23734122 -0.23734122 -0.23734122 -0.23734122 -0.23734122
 -0.23734122 -0.23734122 -0.23734122 -0.23734122 -0.23734122 -0.23734122
 -0.23734122 -0.23734122 -0.23734122 -0.23734122 -0.23734122 -0.23734122
 -0.23734122 -0.23734122 -0.23734122 -0.23734122]",-0.23734121764789878,-0.23734121764789876,2.7755575615628914e-17,"[0.00022875 0.00022875 0.00022875 0.00022875 0.00022875 0.00022875
 0.00022875 0.00022875 0.00022875 0.00022875 0.00022875 0.00022875
 0.00022875 0.00022875 0.00022875 0.00022875 0.00022875 0.00022875
 0.00022875 0.00022875 0.00022875 0.00022875 0.00022875 0.00022875
 0.00022875 0.00022875 0.00022875 0.00022875 0.00022875 0.00022875
 0.00022875 0.00022875 0.00022875 0.00022875 0.00022875 0.00022875
 0.00022875 0.00022875 0.00022875 0.00022875 0.00022875 0.00022875
 0.00022875 0.00022875 0.00022875 0.00022875 0.00022875 0.00022875
 0.00022875 0.00022875 0.00022875 0.00022875 0.00022875 0.00022875
 0.00022875 0.00022875 0.00022875 0.00022875 0.00022875 0.00022875
 0.00022875 0.00022875 0.00022875 0.00022875 0.00022875 0.00022875
 0.00022875 0.00022875 0.00022875 0.00022875 0.00022875 0.00022875
 0.00022875 0.00022875 0.00022875 0.00022875 0.00022875 0.00022875
 0.00022875 0.00022875 0.00022875 0.00022875 0.00022875 0.00022875
 0.00022875 0.00022875 0.00022875 0.00022875 0.00022875 0.00022875
 0.00022875 0.00022875 0.00022875 0.00022875 0.00022875 0.00022875
 0.00022875 0.00022875 0.00022875 0.00022875]",0.00022874963468977327,0.00022874963468977327,0.0,0,100,0.1,0.1,100,[],"[1.0, 1.0, 1.0, 1.0, 1.0, 1.0, 1.0, 1.0, 1.0, 1.0, 1.0, 1.0, 1.0, 1.0, 1.0, 1.0, 1.0, 1.0, 1.0, 1.0, 1.0, 1.0, 1.0, 1.0, 1.0, 1.0, 1.0, 1.0, 1.0, 1.0, 1.0, 1.0, 1.0, 1.0, 1.0, 1.0, 1.0, 1.0, 1.0, 1.0, 1.0, 1.0, 1.0, 1.0, 1.0, 1.0, 1.0, 1.0, 1.0, 1.0, 1.0, 1.0, 1.0, 1.0, 1.0, 1.0, 1.0, 1.0, 1.0, 1.0, 1.0, 1.0, 1.0, 1.0, 1.0, 1.0, 1.0, 1.0, 1.0, 1.0, 1.0, 1.0, 1.0, 1.0, 1.0, 1.0, 1.0, 1.0, 1.0, 1.0, 1.0, 1.0, 1.0, 1.0, 1.0, 1.0, 1.0, 1.0, 1.0, 1.0, 1.0, 1.0, 1.0, 1.0, 1.0, 1.0, 1.0, 1.0, 1.0, 1.0]",1.0,1.0,0.0,"[1.0, 1.0, 1.0, 1.0, 1.0, 1.0, 1.0, 1.0, 1.0, 1.0, 1.0, 1.0, 1.0, 1.0, 1.0, 1.0, 1.0, 1.0, 1.0, 1.0, 1.0, 1.0, 1.0, 1.0, 1.0, 1.0, 1.0, 1.0, 1.0, 1.0, 1.0, 1.0, 1.0, 1.0, 1.0, 1.0, 1.0, 1.0, 1.0, 1.0, 1.0, 1.0, 1.0, 1.0, 1.0, 1.0, 1.0, 1.0, 1.0, 1.0, 1.0, 1.0, 1.0, 1.0, 1.0, 1.0, 1.0, 1.0, 1.0, 1.0, 1.0, 1.0, 1.0, 1.0, 1.0, 1.0, 1.0, 1.0, 1.0, 1.0, 1.0, 1.0, 1.0, 1.0, 1.0, 1.0, 1.0, 1.0, 1.0, 1.0, 1.0, 1.0, 1.0, 1.0, 1.0, 1.0, 1.0, 1.0, 1.0, 1.0, 1.0, 1.0, 1.0, 1.0, 1.0, 1.0, 1.0, 1.0, 1.0, 1.0]",1.0,1.0,0.0
0,6d4afd5b-634d-4f7b-9fde-f78f20a56a5a,5891609e-611e-44f6-86ae-1959537e6434,fa081d9a-0eb4-4293-9c6a-f1e19295bb14,2022-03-15 03:53:00.153121,"[-0.32484122 -0.32484122 -0.32484122 -0.32484122 -0.32484122 -0.32484122
 -0.32484122 -0.32484122 -0.32484122 -0.32484122 -0.32484122 -0.32484122
 -0.32484122 -0.32484122 -0.32484122 -0.32484122 -0.32484122 -0.32484122
 -0.32484122 -0.32484122 -0.32484122 -0.32484122 -0.32484122 -0.32484122
 -0.32484122 -0.32484122 -0.32484122 -0.32484122 -0.32484122 -0.32484122
 -0.32484122 -0.32484122 -0.32484122 -0.32484122 -0.32484122 -0.32484122
 -0.32484122 -0.32484122 -0.32484122 -0.32484122 -0.32484122 -0.32484122
 -0.32484122 -0.32484122 -0.32484122 -0.32484122 -0.32484122 -0.32484122
 -0.32484122 -0.32484122 -0.32484122 -0.32484122 -0.32484122 -0.32484122
 -0.32484122 -0.32484122 -0.32484122 -0.32484122 -0.32484122 -0.32484122
 -0.32484122 -0.32484122 -0.32484122 -0.32484122 -0.32484122 -0.32484122
 -0.32484122 -0.32484122 -0.32484122 -0.32484122 -0.32484122 -0.32484122
 -0.32484122 -0.32484122 -0.32484122 -0.32484122 -0.32484122 -0.32484122
 -0.32484122 -0.32484122 -0.32484122 -0.32484122 -0.32484122 -0.32484122
 -0.32484122 -0.32484122 -0.32484122 -0.32484122 -0.32484122 -0.32484122
 -0.32484122 -0.32484122 -0.32484122 -0.32484122 -0.32484122 -0.32484122
 -0.32484122 -0.32484122 -0.32484122 -0.32484122]",-0.32484121764789875,-0.3248412176478988,5.551115123125783e-17,"[0.00022875 0.00022875 0.00022875 0.00022875 0.00022875 0.00022875
 0.00022875 0.00022875 0.00022875 0.00022875 0.00022875 0.00022875
 0.00022875 0.00022875 0.00022875 0.00022875 0.00022875 0.00022875
 0.00022875 0.00022875 0.00022875 0.00022875 0.00022875 0.00022875
 0.00022875 0.00022875 0.00022875 0.00022875 0.00022875 0.00022875
 0.00022875 0.00022875 0.00022875 0.00022875 0.00022875 0.00022875
 0.00022875 0.00022875 0.00022875 0.00022875 0.00022875 0.00022875
 0.00022875 0.00022875 0.00022875 0.00022875 0.00022875 0.00022875
 0.00022875 0.00022875 0.00022875 0.00022875 0.00022875 0.00022875
 0.00022875 0.00022875 0.00022875 0.00022875 0.00022875 0.00022875
 0.00022875 0.00022875 0.00022875 0.00022875 0.00022875 0.00022875
 0.00022875 0.00022875 0.00022875 0.00022875 0.00022875 0.00022875
 0.00022875 0.00022875 0.00022875 0.00022875 0.00022875 0.00022875
 0.00022875 0.00022875 0.00022875 0.00022875 0.00022875 0.00022875
 0.00022875 0.00022875 0.00022875 0.00022875 0.00022875 0.00022875
 0.00022875 0.00022875 0.00022875 0.00022875 0.00022875 0.00022875
 0.00022875 0.00022875 0.00022875 0.00022875]",0.00022874963468977327,0.00022874963468977327,0.0,0,100,0.1,0.2,100,[],"[1.0, 1.0, 1.0, 1.0, 1.0, 1.0, 1.0, 1.0, 1.0, 1.0, 1.0, 1.0, 1.0, 1.0, 1.0, 1.0, 1.0, 1.0, 1.0, 1.0, 1.0, 1.0, 1.0, 1.0, 1.0, 1.0, 1.0, 1.0, 1.0, 1.0, 1.0, 1.0, 1.0, 1.0, 1.0, 1.0, 1.0, 1.0, 1.0, 1.0, 1.0, 1.0, 1.0, 1.0, 1.0, 1.0, 1.0, 1.0, 1.0, 1.0, 1.0, 1.0, 1.0, 1.0, 1.0, 1.0, 1.0, 1.0, 1.0, 1.0, 1.0, 1.0, 1.0, 1.0, 1.0, 1.0, 1.0, 1.0, 1.0, 1.0, 1.0, 1.0, 1.0, 1.0, 1.0, 1.0, 1.0, 1.0, 1.0, 1.0, 1.0, 1.0, 1.0, 1.0, 1.0, 1.0, 1.0, 1.0, 1.0, 1.0, 1.0, 1.0, 1.0, 1.0, 1.0, 1.0, 1.0, 1.0, 1.0, 1.0]",1.0,1.0,0.0,"[1.0, 1.0, 1.0, 1.0, 1.0, 1.0, 1.0, 1.0, 1.0, 1.0, 1.0, 1.0, 1.0, 1.0, 1.0, 1.0, 1.0, 1.0, 1.0, 1.0, 1.0, 1.0, 1.0, 1.0, 1.0, 1.0, 1.0, 1.0, 1.0, 1.0, 1.0, 1.0, 1.0, 1.0, 1.0, 1.0, 1.0, 1.0, 1.0, 1.0, 1.0, 1.0, 1.0, 1.0, 1.0, 1.0, 1.0, 1.0, 1.0, 1.0, 1.0, 1.0, 1.0, 1.0, 1.0, 1.0, 1.0, 1.0, 1.0, 1.0, 1.0, 1.0, 1.0, 1.0, 1.0, 1.0, 1.0, 1.0, 1.0, 1.0, 1.0, 1.0, 1.0, 1.0, 1.0, 1.0, 1.0, 1.0, 1.0, 1.0, 1.0, 1.0, 1.0, 1.0, 1.0, 1.0, 1.0, 1.0, 1.0, 1.0, 1.0, 1.0, 1.0, 1.0, 1.0, 1.0, 1.0, 1.0, 1.0, 1.0]",1.0,1.0,0.0
